{"bp_gadget_c1": {"br-miss-rate": {"p_value": 0.0001570522842307523, "accept": false}, "frontend-boundedness": -1, "br-conditionals-miss-rate": {"p_value": 0.0001570522842307523, "accept": false}, "br-non-conditionals-miss-rate": {"p_value": 0.46831123664317675, "accept": true}, "cpi": {"p_value": 0.0001570522842307523, "accept": false}}, "cache_gadget_c3": {"l1-load-miss-rate": {"p_value": 0.06964240479832812, "accept": true}, "l2-load-miss-rate": {"p_value": 0.0001570522842307523, "accept": false}, "l3-load-miss-rate": {"p_value": 0.9628331559869971, "accept": true}, "cpi": {"p_value": 0.0001570522842307523, "accept": false}, "l3-store-miss-rate": {"p_value": 0.31731050786291815, "accept": true}, "load-page-walks": {"p_value": 0.0001570522842307523, "accept": false}, "store-page-walks": {"p_value": 0.03044248554412456, "accept": true}}, "cache_gadget_c4": {"l1-load-miss-rate": {"p_value": 0.00021218287122257907, "accept": false}, "l2-load-miss-rate": {"p_value": 0.0001570522842307523, "accept": false}, "l3-load-miss-rate": {"p_value": 0.1299912220345175, "accept": true}, "cpi": {"p_value": 0.0001570522842307523, "accept": false}, "l3-store-miss-rate": {"p_value": 0.22349272879042403, "accept": true}, "load-page-walks": {"p_value": 0.0001570522842307523, "accept": false}, "store-page-walks": {"p_value": 0.039252773689342275, "accept": true}}, "cache_gadget_c5": {"l1-load-miss-rate": {"p_value": 0.0001570522842307523, "accept": false}, "l2-load-miss-rate": {"p_value": 0.0001570522842307523, "accept": false}, "l3-load-miss-rate": {"p_value": 0.0001570522842307523, "accept": false}, "cpi": {"p_value": 0.0001570522842307523, "accept": false}, "l3-store-miss-rate": {"p_value": 0.03044248554412456, "accept": true}, "load-page-walks": {"p_value": 0.0001570522842307523, "accept": false}, "store-page-walks": {"p_value": 0.06788915486182948, "accept": true}}, "cache_gadget_c6": {"l1-load-miss-rate": {"p_value": 0.7054569861112774, "accept": true}, "l2-load-miss-rate": {"p_value": 0.0008807431907417276, "accept": false}, "l3-load-miss-rate": {"p_value": 0.0001570522842307523, "accept": false}, "cpi": {"p_value": 0.0001570522842307523, "accept": false}, "l3-store-miss-rate": {"p_value": 0.7383754546974024, "accept": true}, "load-page-walks": {"p_value": 0.0001570522842307523, "accept": false}, "store-page-walks": {"p_value": 0.00015526747185868903, "accept": false}}, "cache_gadget_c7": {"l1-load-miss-rate": {"p_value": 0.2899184539425689, "accept": true}, "l2-load-miss-rate": {"p_value": 0.3625355338858979, "accept": true}, "l3-load-miss-rate": {"p_value": 0.010478257357741648, "accept": true}, "cpi": {"p_value": 0.0014988733371516757, "accept": false}, "l3-store-miss-rate": {"p_value": 0.0001570522842307523, "accept": false}, "load-page-walks": {"p_value": 0.0031970994479345533, "accept": false}, "store-page-walks": {"p_value": 0.0005065414846922935, "accept": false}}, "cache_gadget_c8": {"l1-load-miss-rate": {"p_value": 0.7054569861112774, "accept": true}, "l2-load-miss-rate": {"p_value": 0.07979817006148901, "accept": true}, "l3-load-miss-rate": {"p_value": 0.014519965549870796, "accept": true}, "cpi": {"p_value": 0.02334220201289096, "accept": true}, "l3-store-miss-rate": {"p_value": 0.939742989577122, "accept": true}, "load-page-walks": {"p_value": 0.004071994217732751, "accept": false}, "store-page-walks": {"p_value": 0.1467930873085675, "accept": true}}, "bp_gadget_c2": {"br-miss-rate": {"p_value": 0.0001570522842307523, "accept": false}, "frontend-boundedness": -1, "br-conditionals-miss-rate": {"p_value": 0.0001570522842307523, "accept": false}, "br-non-conditionals-miss-rate": {"p_value": 0.0001570522842307523, "accept": false}, "cpi": {"p_value": 0.0001570522842307523, "accept": false}}, "bp_gadget_c4": {"br-miss-rate": {"p_value": 0.00021218287122257907, "accept": false}, "frontend-boundedness": -1, "br-conditionals-miss-rate": {"p_value": 0.0001570522842307523, "accept": false}, "br-non-conditionals-miss-rate": {"p_value": 0.5181817623957397, "accept": true}, "cpi": {"p_value": 0.0001570522842307523, "accept": false}}, "bp_gadget_c5": {"br-miss-rate": {"p_value": 0.0001570522842307523, "accept": false}, "frontend-boundedness": -1, "br-conditionals-miss-rate": {"p_value": 0.04936619475193269, "accept": true}, "br-non-conditionals-miss-rate": {"p_value": 0.0001570522842307523, "accept": false}, "cpi": {"p_value": 0.0001570522842307523, "accept": false}}, "bp_gadget_c6": {"br-miss-rate": {"p_value": 0.15092695006671242, "accept": true}, "frontend-boundedness": -1, "br-conditionals-miss-rate": {"p_value": 0.0001570522842307523, "accept": false}, "br-non-conditionals-miss-rate": {"p_value": 0.1467930873085675, "accept": true}, "cpi": {"p_value": 0.0001570522842307523, "accept": false}}, "bp_gadget_c7": {"br-miss-rate": {"p_value": 0.0008807431907417276, "accept": false}, "frontend-boundedness": -1, "br-conditionals-miss-rate": {"p_value": 0.00249690891514156, "accept": false}, "br-non-conditionals-miss-rate": {"p_value": 0.40797822235249837, "accept": true}, "cpi": {"p_value": 0.0001570522842307523, "accept": false}}, "bp_gadget_c8": {"br-miss-rate": {"p_value": 0.0001570522842307523, "accept": false}, "frontend-boundedness": -1, "br-conditionals-miss-rate": {"p_value": 0.0001570522842307523, "accept": false}, "br-non-conditionals-miss-rate": {"p_value": 0.7512353829056109, "accept": true}, "cpi": {"p_value": 0.005158957570721308, "accept": false}}, "cache_gadget_c1": {"l1-load-miss-rate": {"p_value": 0.4496917979688917, "accept": true}, "l2-load-miss-rate": {"p_value": 0.36434612663355215, "accept": true}, "l3-load-miss-rate": {"p_value": 0.012611144099313912, "accept": true}, "cpi": {"p_value": 0.04125001659393966, "accept": true}, "l3-store-miss-rate": {"p_value": 0.31731050786291815, "accept": true}, "load-page-walks": {"p_value": 0.0031970994479345533, "accept": false}, "store-page-walks": -1}, "cache_gadget_c2": {"l1-load-miss-rate": {"p_value": 0.5453496680111212, "accept": true}, "l2-load-miss-rate": {"p_value": 0.5967012167293555, "accept": true}, "l3-load-miss-rate": {"p_value": 0.3844942826161819, "accept": true}, "cpi": {"p_value": 0.028365505605210242, "accept": true}, "l3-store-miss-rate": {"p_value": 0.7043957098378302, "accept": true}, "load-page-walks": {"p_value": 0.03429372103649282, "accept": true}, "store-page-walks": {"p_value": 0.1589909988553284, "accept": true}}, "cache_gadget_c13": {"l1-load-miss-rate": {"p_value": 0.015564411386633845, "accept": true}, "l2-load-miss-rate": {"p_value": 0.7054569861112774, "accept": true}, "l3-load-miss-rate": {"p_value": 0.7053513720635086, "accept": true}, "cpi": {"p_value": 0.0001570522842307523, "accept": false}, "l3-store-miss-rate": {"p_value": 0.8798291600118151, "accept": true}, "load-page-walks": {"p_value": 0.0001570522842307523, "accept": false}, "store-page-walks": {"p_value": 0.0001570522842307523, "accept": false}}}