{
  "bp_gadget_c1": {
    "branch-references": 0.000028157274171123106,
    "branch-non-conditional-references": 0.008704630134727566,
    "branch-conditional-references": 0.0002824663114907604,
    "br-miss-rate": 3.896559845095909e-18,
    "frontend-boundedness": -1,
    "bad-speculation": -1,
    "br-conditionals-miss-rate": 3.896559845095909e-18,
    "br-non-conditionals-miss-rate": 0.03335557893949904,
    "cpi": 3.896559845095909e-18
  },
  "cache_gadget_c3": {
    "l1-loads": 0.4473324208168965,
    "l2-loads": 0.0035882251228733166,
    "l3-loads": 3.896559845095909e-18,
    "l1-load-miss-rate": 4.261549172088954e-12,
    "l2-load-miss-rate": 3.896559845095909e-18,
    "l3-load-miss-rate": 0.4631068149666542,
    "l3-stores": 0.06788915486182899,
    "cpi": 3.896559845095909e-18,
    "l3-store-miss-rate": 0.06788915486182899,
    "load-page-walks": 3.896559845095909e-18,
    "store-page-walks": 1.995252079358513e-7
  },
  "cache_gadget_c4": {
    "l1-loads": 0.0000028270866987962608,
    "l2-loads": 0.6449883613873455,
    "l3-loads": 3.896559845095909e-18,
    "l1-load-miss-rate": 4.670683307897806e-18,
    "l2-load-miss-rate": 3.896559845095909e-18,
    "l3-load-miss-rate": 0.000005071483423035994,
    "l3-stores": 0.0002476021351834687,
    "cpi": 4.0161556854627e-18,
    "l3-store-miss-rate": 8.037688768588226e-12,
    "load-page-walks": 4.0161556854627e-18,
    "store-page-walks": 2.2180114837401495e-9
  },
  "cache_gadget_c5": {
    "l1-loads": 3.896559845095909e-18,
    "l2-loads": 3.896559845095909e-18,
    "l3-loads": 4.139373908714419e-18,
    "l1-load-miss-rate": 3.896559845095909e-18,
    "l2-load-miss-rate": 7.117077537219983e-18,
    "l3-load-miss-rate": 3.896559845095909e-18,
    "l3-stores": 8.732457756457383e-8,
    "cpi": 3.896559845095909e-18,
    "l3-store-miss-rate": 0.00016307892477043925,
    "load-page-walks": 3.896559845095909e-18,
    "store-page-walks": 0.1547039267610424
  },
  "cache_gadget_c6": {
    "l1-loads": 0.00005666659455897179,
    "l2-loads": 4.319830929241881e-8,
    "l3-loads": 0.0035100103466738823,
    "l1-load-miss-rate": 8.962418464486109e-8,
    "l2-load-miss-rate": 5.312355559705196e-16,
    "l3-load-miss-rate": 3.896559845095909e-18,
    "l3-stores": 0.0000032321487081144045,
    "cpi": 3.896559845095909e-18,
    "l3-store-miss-rate": 8.744667841814966e-8,
    "load-page-walks": 3.896559845095909e-18,
    "store-page-walks": 9.029982815493182e-18
  },
  "cache_gadget_c7": {
    "l1-loads": 2.0961102458610946e-12,
    "l2-loads": 0.21834893442335013,
    "l3-loads": 0.6511642417964101,
    "l1-load-miss-rate": 0.4310615640798099,
    "l2-load-miss-rate": 0.005239634552121549,
    "l3-load-miss-rate": 0.000028442132831754944,
    "l3-stores": 0.057701968852335826,
    "cpi": 4.659276289416659e-9,
    "l3-store-miss-rate": 3.896559845095909e-18,
    "load-page-walks": 5.7735411846228725e-8,
    "store-page-walks": 1.9293162111910322e-8
  },
  "cache_gadget_c8": {
    "l1-loads": 0.026809441110137996,
    "l2-loads": 0.8058053538632864,
    "l3-loads": 0.631965695692634,
    "l1-load-miss-rate": 0.03030013505145983,
    "l2-load-miss-rate": 0.0000014303426711869884,
    "l3-load-miss-rate": 0.022636285185269018,
    "l3-stores": 0.05861384418740005,
    "cpi": 1.6033960728283034e-16,
    "l3-store-miss-rate": 0.6799004477897137,
    "load-page-walks": 1.798758841783531e-16,
    "store-page-walks": 0.06788915486182899
  },
  "bp_gadget_c2": {
    "branch-references": 0.41317373945790214,
    "branch-non-conditional-references": 0.002316335468209835,
    "branch-conditional-references": 0.00001322446732811626,
    "br-miss-rate": 3.896559845095909e-18,
    "frontend-boundedness": -1,
    "bad-speculation": -1,
    "br-conditionals-miss-rate": 3.896559845095909e-18,
    "br-non-conditionals-miss-rate": 3.896559845095909e-18,
    "cpi": 3.896559845095909e-18
  },
  "bp_gadget_c4": {
    "branch-references": 0.000023819785282154594,
    "branch-non-conditional-references": 0.46815359816538893,
    "branch-conditional-references": 0.00045892291127166995,
    "br-miss-rate": 7.782675474469018e-17,
    "frontend-boundedness": -1,
    "bad-speculation": -1,
    "br-conditionals-miss-rate": 3.7805653457291914e-16,
    "br-non-conditionals-miss-rate": 0.8133533554956398,
    "cpi": 3.976797993175688e-17
  },
  "bp_gadget_c5": {
    "branch-references": 1.6358933457690357e-7,
    "branch-non-conditional-references": 2.3686273843043898e-7,
    "branch-conditional-references": 0.0000011632821704386496,
    "br-miss-rate": 3.896559845095909e-18,
    "frontend-boundedness": -1,
    "bad-speculation": -1,
    "br-conditionals-miss-rate": 1.4152626956877279e-14,
    "br-non-conditionals-miss-rate": 3.896559845095909e-18,
    "cpi": 4.0161556854627e-18
  },
  "bp_gadget_c6": {
    "branch-references": 0.08250125240378868,
    "branch-non-conditional-references": 3.896559845095909e-18,
    "branch-conditional-references": 3.896559845095909e-18,
    "br-miss-rate": 0.002342965676631893,
    "frontend-boundedness": -1,
    "bad-speculation": -1,
    "br-conditionals-miss-rate": 3.896559845095909e-18,
    "br-non-conditionals-miss-rate": 1.6310100430962223e-9,
    "cpi": 3.896559845095909e-18
  },
  "bp_gadget_c7": {
    "branch-references": 3.2800105956902744e-13,
    "branch-non-conditional-references": 3.2597229137929655e-12,
    "branch-conditional-references": 0.0006315385998499609,
    "br-miss-rate": 1.4573676877736123e-17,
    "frontend-boundedness": -1,
    "bad-speculation": -1,
    "br-conditionals-miss-rate": 4.4713463414559033e-17,
    "br-non-conditionals-miss-rate": 0.1414620726592943,
    "cpi": 3.896559845095909e-18
  },
  "bp_gadget_c8": {
    "branch-references": 0.3479039590114893,
    "branch-non-conditional-references": 0.8960471686012128,
    "branch-conditional-references": 1.0233566903322875e-7,
    "br-miss-rate": 4.0161556854627e-18,
    "frontend-boundedness": -1,
    "bad-speculation": -1,
    "br-conditionals-miss-rate": 4.3971135541818935e-18,
    "br-non-conditionals-miss-rate": 0.036994936449236154,
    "cpi": 1.8540113727508372e-8
  },
  "cache_gadget_c1": {
    "l1-loads": 0.265271786694969,
    "l2-loads": 0.4618514981768562,
    "l3-loads": 0.044280638497224634,
    "l1-load-miss-rate": 0.45976137200079736,
    "l2-load-miss-rate": 0.009062468723194324,
    "l3-load-miss-rate": 0.000472238971108704,
    "l3-stores": 0.10880943004054568,
    "cpi": 0.7361501939167332,
    "l3-store-miss-rate": 0.10247043485974937,
    "load-page-walks": 0.052475138087962746,
    "store-page-walks": 0.31731050786291415
  },
  "cache_gadget_c2": {
    "l1-loads": 0.0439194922345891,
    "l2-loads": 0.22616750120373663,
    "l3-loads": 0.14488196639013398,
    "l1-load-miss-rate": 0.22748913819262873,
    "l2-load-miss-rate": 0.0012291614999567042,
    "l3-load-miss-rate": 0.000048793164600553496,
    "l3-stores": 0.0738186118112577,
    "cpi": 0.0000010479107909982653,
    "l3-store-miss-rate": 0.5340087763442808,
    "load-page-walks": 0.000001359538556883011,
    "store-page-walks": 0.001258277822324651
  },
  "cache_gadget_c13": {
    "l1-loads": 3.896559845095909e-18,
    "l2-loads": 0.04249786023307309,
    "l3-loads": 4.0161556854627e-18,
    "l1-load-miss-rate": 0.43307645328435596,
    "l2-load-miss-rate": 1.7933917874272308e-11,
    "l3-load-miss-rate": 0.00013723330210865516,
    "l3-stores": 0.1996689993792622,
    "cpi": 3.896559845095909e-18,
    "l3-store-miss-rate": 0.5025560930996884,
    "load-page-walks": 3.896559845095909e-18,
    "store-page-walks": 4.2663227307182344e-18
  }
}