{"bp_gadget_c1": {"branch-references": {"average": 242147399.3, "variance": 10450464251418.71, "std": 3232717.7809729557, "cov": 0.013350206487115287, "normality": false, "nml_score": 0.022131813690066338, "confidence_interval": {"low": 241065366.4507722, "high": 243487382.0400342}}, "branch-conditional-references": {"average": 166366418.3, "variance": 272239307878.21002, "std": 521765.56793085724, "cov": 0.0031362433191894786, "normality": true, "nml_score": 0.728891909122467, "confidence_interval": {"low": 166182313.75268164, "high": 166567416.8207314}}, "br-miss-rate": {"average": 0.0004440560962850921, "variance": 1.2222873929131263e-09, "std": 3.496122699381597e-05, "cov": 0.07873155505868842, "normality": true, "nml_score": 0.06117266044020653, "confidence_interval": {"low": 0.0004325521224637944, "high": 0.00045844337316214317}}, "br-conditionals-miss-rate": {"average": 0.0, "variance": 0.0, "std": 0.0, "cov": null, "normality": true, "nml_score": 1.0, "confidence_interval": null}, "cpi": {"average": 0.46228549516012085, "variance": 2.902515804994798e-05, "std": 0.005387500167048534, "cov": 0.01165405409309344, "normality": true, "nml_score": 0.05648704990744591, "confidence_interval": {"low": 0.46047779711654485, "high": 0.464458019638107}}}, "bp_gadget_c2": {"branch-references": {"average": 14742161814.9, "variance": 340232092462573.2, "std": 18445381.33144916, "cov": 0.001251199217797643, "normality": false, "nml_score": 0.04811036214232445, "confidence_interval": {"low": 14734156673.471544, "high": 14748138880.147303}}, "branch-conditional-references": {"average": 6556491636.6, "variance": 85071691887809.73, "std": 9223431.67632361, "cov": 0.0014067632794398871, "normality": false, "nml_score": 0.015002264641225338, "confidence_interval": {"low": 6553065579.882858, "high": 6559844025.119599}}, "br-miss-rate": {"average": 0.018934166198149003, "variance": 0.0001252477193334748, "std": 0.011191412749669937, "cov": 0.5910697430533807, "normality": false, "nml_score": 2.7278776542516425e-05, "confidence_interval": {"low": 0.01580659355232744, "high": 0.02462170780190719}}, "br-conditionals-miss-rate": {"average": 0.0, "variance": 0.0, "std": 0.0, "cov": null, "normality": true, "nml_score": 1.0, "confidence_interval": null}, "cpi": {"average": 0.3553456176628801, "variance": 0.0015993959377927733, "std": 0.03999244850959707, "cov": 0.11254521379109368, "normality": false, "nml_score": 6.359994586091489e-05, "confidence_interval": {"low": 0.3439757952006303, "high": 0.37573293408995495}}}, "bp_gadget_c4": {"branch-references": {"average": 243723233.7, "variance": 6720368356284.411, "std": 2592367.326650375, "cov": 0.010636521136271036, "normality": false, "nml_score": 0.013280173763632774, "confidence_interval": {"low": 242907709.23185447, "high": 244821695.0358501}}, "branch-conditional-references": {"average": 166243070.25, "variance": 178625973452.0875, "std": 422641.6608098254, "cov": 0.0025423114489779787, "normality": true, "nml_score": 0.9649742245674133, "confidence_interval": {"low": 166088312.39652288, "high": 166402701.6645695}}, "br-miss-rate": {"average": 0.00041023975591537116, "variance": 3.936689143709732e-09, "std": 6.27430405998126e-05, "cov": 0.15294237015087325, "normality": false, "nml_score": 0.04821775481104851, "confidence_interval": {"low": 0.0003891666625789811, "high": 0.00043488812524787585}}, "br-conditionals-miss-rate": {"average": 0.0, "variance": 0.0, "std": 0.0, "cov": null, "normality": true, "nml_score": 1.0, "confidence_interval": null}, "cpi": {"average": 0.3698028630039762, "variance": 9.998428713624723e-06, "std": 0.0031620292082181535, "cov": 0.008550580659469245, "normality": true, "nml_score": 0.17978213727474213, "confidence_interval": {"low": 0.36875543779567777, "high": 0.3711021545878674}}}, "bp_gadget_c5": {"branch-references": {"average": 145832831.2, "variance": 2618124463377.06, "std": 1618061.9467057064, "cov": 0.011095320123673952, "normality": true, "nml_score": 0.8821035623550415, "confidence_interval": {"low": 145259562.60493556, "high": 146456037.43540302}}, "branch-conditional-references": {"average": 66669402.45, "variance": 141456034903.9475, "std": 376106.41433502233, "cov": 0.005641364711752, "normality": true, "nml_score": 0.9668607115745544, "confidence_interval": {"low": 66522469.54390936, "high": 66800537.383198366}}, "br-miss-rate": {"average": 0.013855615929197004, "variance": 6.607789080677033e-07, "std": 0.000812883083885809, "cov": 0.05866813052842172, "normality": true, "nml_score": 0.4458446800708771, "confidence_interval": {"low": 0.013585822233408476, "high": 0.014186248014094847}}, "br-conditionals-miss-rate": {"average": 0.0, "variance": 0.0, "std": 0.0, "cov": null, "normality": true, "nml_score": 1.0, "confidence_interval": null}, "cpi": {"average": 0.29661931150812276, "variance": 1.6195477387017663e-05, "std": 0.004024360494167696, "cov": 0.013567425781235726, "normality": true, "nml_score": 0.23133231699466705, "confidence_interval": {"low": 0.2950984402281669, "high": 0.2980512500619556}}}, "bp_gadget_c6": {"branch-references": {"average": 57381583.55, "variance": 122889057075.54752, "std": 350555.3552230339, "cov": 0.006109196253142337, "normality": false, "nml_score": 0.00022927066311240196, "confidence_interval": {"low": 57221442.460564405, "high": 57487921.15476956}}, "branch-conditional-references": {"average": 10266977.55, "variance": 354401451.84749997, "std": 18825.55316179315, "cov": 0.0018336022524752815, "normality": true, "nml_score": 0.3602547347545624, "confidence_interval": {"low": 10260168.685086144, "high": 10273967.450329881}}, "br-miss-rate": {"average": 0.08978261470335613, "variance": 2.8603342577149175e-07, "std": 0.0005348209286962242, "cov": 0.005956842875018567, "normality": false, "nml_score": 4.5532935473602265e-05, "confidence_interval": {"low": 0.0896239140863282, "high": 0.09003909593701952}}, "br-conditionals-miss-rate": {"average": 0.0, "variance": 0.0, "std": 0.0, "cov": null, "normality": true, "nml_score": 1.0, "confidence_interval": null}, "cpi": {"average": 9.054281344262002, "variance": 0.019756215374341125, "std": 0.14055680479557411, "cov": 0.015523794705655977, "normality": true, "nml_score": 0.060093458741903305, "confidence_interval": {"low": 8.993446957635811, "high": 9.099145567253046}}}, "bp_gadget_c7": {"branch-references": {"average": 4908195203.25, "variance": 49552892413056.67, "std": 7039381.536261313, "cov": 0.0014342097746234972, "normality": false, "nml_score": 0.0011700440663844347, "confidence_interval": {"low": 4905391724.871474, "high": 4910586217.356986}}, "branch-conditional-references": {"average": 3281272897.75, "variance": 2098540940483.7876, "std": 1448634.1637845587, "cov": 0.00044148542621307143, "normality": false, "nml_score": 0.013059480115771294, "confidence_interval": {"low": 3280647067.3214993, "high": 3281729995.7493258}}, "br-miss-rate": {"average": 0.00037924911332387195, "variance": 1.6774962140200643e-08, "std": 0.00012951819231366937, "cov": 0.3415121822659692, "normality": true, "nml_score": 0.7557885050773621, "confidence_interval": {"low": 0.00032833249533037597, "high": 0.0004243351262179888}}, "br-conditionals-miss-rate": {"average": 0.0, "variance": 0.0, "std": 0.0, "cov": null, "normality": true, "nml_score": 1.0, "confidence_interval": null}, "cpi": {"average": 0.41171334023137085, "variance": 7.143045060585966e-05, "std": 0.00845165372018161, "cov": 0.02052800551818901, "normality": false, "nml_score": 7.550814018486562e-08, "confidence_interval": {"low": 0.4058533790962886, "high": 0.4137666822226426}}}, "bp_gadget_c8": {"branch-references": {"average": 1362130470.35, "variance": 489235250283.92755, "std": 699453.5369014353, "cov": 0.00051349966257029, "normality": false, "nml_score": 0.024490991607308388, "confidence_interval": {"low": 1361905187.1944768, "high": 1362429161.821138}}, "branch-conditional-references": {"average": 303641349.45, "variance": 8096120143.347499,