{"baseline": {"measurements": [{"l1-loads": [201850575, 201717436, 201627735, 201402988, 201642792, 201710769, 214725637, 201605302, 201750440, 201360957, 202050500, 207359709, 201562994, 201716836, 201620609, 201497469, 157366991, 201739651, 201762615, 201709530, 202061175, 203402049, 201642771, 201604844, 201955479, 204431208, 202081707, 202139284, 201767008, 201504478, 201983552, 201605404, 201912819, 201924373, 201819214, 201720324, 201626254, 217210334, 203156724, 205683774, 203510052, 201659220, 202561329, 176451071, 209533365, 202315617, 201883035, 201892046, 202940854, 201604238], "l2-loads": [1074, 469, 422, 470, 699, 431, 428, 555, 306, 412, 210, 434, 402, 489, 450, 690, 587, 421, 421, 306, 268, 1197, 730, 499, 519, 378, 268, 182, 518, 384, 759, 508, 535, 219, 536, 556, 479, 3313, 1494, 1149, 1203, 1045, 1116, 22210, 437, 799, 809, 567, 299, 366], "l3-loads": [445, 38, 38, 86, 95, 57, 71, 28, 0, 76, 0, 108, 76, 153, 105, 57, 118, 76, 48, 19, 0, 993, 134, 134, 9, 38, 28, 0, 163, 124, 88, 38, 9, 28, 28, 76, 201, 1640, 1012, 1663, 1751, 377, 426, 7851, 0, 424, 327, 279, 38, 0], "l1-load-miss-rate": [5.513979833844912e-06, 2.1862264796980665e-06, 2.281432165073917e-06, 1.951311665743509e-06, 2.9011699064353366e-06, 2.2358746745940965e-06, 1.8069570332675274e-06, 2.614018553936642e-06, 1.5216819353652959e-06, 2.1404348013701583e-06, 1.0888367017156601e-06, 3.004440944696735e-06, 2.426040565759804e-06, 2.3795733143464534e-06, 2.4749454060026177e-06, 3.6675398637389337e-06, 3.6284610665269693e-06, 2.4734849967595115e-06, 2.0420036685190663e-06, 1.6608040284462513e-06, 1.3708719648888512e-06, 3.2349723281302833e-06, 3.139214943639115e-06, 2.4751389406099785e-06, 2.4757931920232777e-06, 1.8490327562903214e-06, 1.1826899304646116e-06, 9.003692721104128e-07, 2.046915420384288e-06, 2.2828276798890794e-06, 2.4175235813260677e-05, 1.9939941689261466e-06, 2.3723109923000976e-06, 1.0399933246295137e-06, 1.9472873380628664e-06, 2.711675200363053e-06, 2.574069545526546e-06, 7.3154898790404694e-06, 6.72879525267399e-06, 6.135632264312692e-06, 4.854797049533455e-06, 4.467933576258006e-06, 5.800712336361103e-06, 0.0001077409158939024, 2.1380843093891037e-06, 2.525756575677497e-06, 3.2444529080910635e-06, 2.669743611395171e-06, 2.0449307855972657e-06, 2.291618492662838e-06], "l2-load-miss-rate": [0.4860335195530726, 0.04051172707889126, 0.11374407582938388, 0.1829787234042553, 0.24606580829756797, 0.17633410672853828, 0.1658878504672897, 0.13693693693693693, 0.029411764705882353, 0.23300970873786409, 0.0, 0.15898617511520738, 0.1890547263681592, 0.25357873210633947, 0.23333333333333334, 0.17971014492753623, 0.2504258943781942, 0.13539192399049882, 0.13539192399049882, 0.06209150326797386, 0.0, 0.5446950710108605, 0.09178082191780822, 0.23046092184368738, 0.0, 0.07671957671957672, 0.0708955223880597, 0.0, 0.222007722007722, 0.25, 0.155467720685112, 0.07480314960629922, 0.016822429906542057, 0.0410958904109589, 0.05223880597014925, 0.15467625899280577, 0.5198329853862212, 0.5110172049501962, 0.6318607764390897, 0.6248912097476066, 0.6259351620947631, 0.3980861244019139, 0.35663082437275984, 0.32179198559207567, 0.08924485125858124, 0.33667083854818525, 0.34487021013597036, 0.47442680776014107, 0.4180602006688963, 0.0], "l3-load-miss-rate": [0.8044943820224719, 0.0, 0.0, 0.0, 0.0, 0.0, 0.0, 0.0, -1, 0.0, -1, 0.0, 0.0, 0.12418300653594772, 0.0, 0.0, 0.0, 0.0, 0.0, 0.0, -1, 0.0, 0.0, 0.0, 0.0, 0.0, 0.32142857142857145, -1, 0.0, 0.0, 0.0, 0.0, 0.0, 0.0, 0.0, 0.0, 0.0, 0.5884146341463414, 0.6215415019762845, 0.14191220685508119, 0.07252998286693318, 0.7692307692307693, 0.636150234741784, 0.006623360081518278, -1, 0.25, 0.0, 0.0, 0.0, -1], "l3-stores": [193, 0, 0, 0, 0, 0, 0, 0, 0, 0, 0, 39, 0, 0, 0, 0, 19, 0, 28, 38, 19, 48, 0, 19, 0, 19, 0, 0, 0, 0, 0, 0, 0, 0, 57, 0, 0, 602, 19, 102, 68, 116, 116, 147, 199, 0, 173, 19, 106, 0], "l3-store-miss-rate": [0.9015544041450777, -1, -1, -1, -1, -1, -1, -1, -1, -1, -1, 0.0, -1, -1, -1, -1, 0.0, -1, 0.0, 0.0, 0.0, 0.0, -1, 0.0, -1, 0.0, -1, -1, -1, -1, -1, -1, -1, -1, 0.0, -1, -1, 0.22425249169435216, 1.0, 1.4019607843137254, 0.5735294117647058, 0.8275862068965517, 1.3362068965517242, 0.0, 0.3969849246231156, -1, 0.0, 2.0, 1.0, -1], "instructions": [550257282, 550510768, 550543677, 551565391, 549683016, 550147890, 585997433, 550484684, 550674998, 550514426, 551498170, 565856505, 550355822, 550306580, 551710305, 550333543, 564601678, 550604769, 550585401, 550542166, 549301953, 541486229, 549802667, 550266329, 552114924, 557890791, 551483831, 550801701, 550671285, 550251180, 430905815, 550338739, 551138123, 551376779, 551555716, 550580738, 550312384, 523579487, 562178064, 568385553, 553811073, 550352787, 553430847, 525991318, 568402930, 549270061, 551024049, 552041194, 553919915, 552196308], "cpi": [0.5446588110759432, 0.5411688695615123, 0.5412973474219013, 0.540383279776885, 0.541669510123631, 0.5420633604538591, 0.5413370573587478, 0.5411764407963074, 0.5411164862799891, 0.5413111971746949, 0.5397356205189221, 0.5414106037360126, 0.5414444657223959, 0.5414131519197899, 0.5403151731958314, 0.5414071153573135, 0.5412200616945386, 0.5412721788466747, 0.541338076633819, 0.5412036959218125, 0.541541329637326, 0.554639087599031, 0.5420802496761988, 0.5415405582630152, 0.5412487002434297, 0.5397098318477173, 0.5397108260822246, 0.5405567256953696, 0.5414269186017208, 0.5415241290350346, 0.6276832444231462, 0.5411270148656572, 0.5394861643421462, 0.5394632787029284, 0.539731023293393, 0.5410457530390393, 0.5418033096634801, 0.6125556977750735, 0.5416692316902639, 0.558627235199977, 0.5466741633748446, 0.5452519003960272, 0.5435277426811014, 0.6184731170790921, 0.5443467400845383, 0.5437856825041844, 0.5423874249089262, 0.5415456242202099, 0.541783952649545, 0.541600022794792], "branch-references": [67638678, 67517643, 67512294, 67527030, 67519091, 67508916, 67568550, 67512219, 67522275, 67556290, 67421139, 51717611, 67585448, 67543298, 67532612, 67522848, 69238346, 67499931, 67485319, 67494041, 67429356, 68148287, 67514002, 67493835, 67708826, 68238182, 67409504, 67434971, 67496685, 67480356, 69404544, 67507837, 67491046, 67432164, 67441848, 67552220, 67641675, 72119653, 69131136, 68235553, 68023357, 67564821, 66612881, 74033889, 69873954, 67540082, 67587182, 67500067, 68000743, 67523054], "branch-non-conditional-references": [29590580, 29495898, 29478811, 29527140, 29505503, 29478513, 35090063, 29490305, 29483576, 29518252, 29620568, 17791871, 29549379, 29489343, 29494360, 29508721, 30231396, 29488881, 29458345, 29444245, 29446212, 29801779, 29459678, 29468490, 29593172, 29818981, 29445842, 29428046, 29449542, 29445903, 30306130, 29485900, 29523806, 29467069, 29441261, 29503200, 29539961, 33539144, 30185216, 29823537, 30702292, 29596765, 28512147, 32331825, 31083468, 29442796, 29511403, 29446226, 29675775, 29635181], "branch-conditional-references": [38048098, 38021745, 38033483, 37999890, 38013588, 38030403, 32478487, 38021914, 38038699, 38038038, 37800571, 33925740, 38036069, 38053955, 38038252, 38014127, 39006950, 38011050, 38026974, 38049796, 37983144, 38346508, 38054324, 38025345, 38115654, 38419201, 37963662, 38006925, 38047143, 38034453, 39098414, 38021937, 37967240, 37965095, 38000587, 38049020, 38101714, 38580509, 38945920, 38412016, 37321065, 37968056, 38100734, 41702064, 38790486, 38097286, 38075779, 38053841, 38324968, 37887873],