{"YnBfZ2FkZ2V0X2M2O2NhY2hlX2dhZGdldF9jNDticF9nYWRnZXRfYzI7YnBfZ2FkZ2V0X2M2": {"variants": ["bp_gadget_c6", "cache_gadget_c4", "bp_gadget_c2", "bp_gadget_c6"], "measurements": [{"l1-loads": [2612011863, 2674752547, 2732473499, 2733537567, 2734123882, 2734235136, 2734099507, 2678886078, 2732968517, 2734426559, 2675389961, 2721312724, 2731657434, 2734502979, 2732211083, 2710771372, 2733255415, 2674685666, 2732978696, 2676084900, 2733305143, 2733728776, 2701204986, 2734335143, 2734029598, 2733805564, 2734055263, 2734685931, 2733131484, 2731681778, 2733397267, 2734732296, 2714613838, 2732683053, 2736135815, 2694359717, 2733193787, 2730821955, 2732690996, 2733721417, 2730714225, 2735711687, 2734571914, 2732202873, 2734702476, 2732524740, 2656714264, 2719627054, 2719231728, 2731378394], "l2-loads": [20490210, 20122312, 20572366, 20513255, 20441559, 20572256, 20586648, 20596670, 20416663, 20498645, 20530166, 20575298, 20621056, 20585007, 20627980, 20558449, 20617826, 20636748, 20578920, 20477928, 20622886, 20598949, 20574597, 20606950, 20506676, 20589087, 20597883, 20510880, 20523361, 20512986, 20572362, 20572728, 20583825, 20527242, 20499586, 20489006, 20639349, 20665145, 20453161, 20550346, 20501766, 20335869, 20602473, 20597405, 20643310, 20479562, 20543128, 20576401, 20588574, 20608712], "l3-loads": [19645874, 19990936, 20459300, 20365451, 20352021, 20449376, 20419652, 20414056, 20292370, 20422035, 20290696, 20448770, 20457552, 20447134, 20440497, 20409557, 20449814, 20451266, 20446193, 20205016, 20458343, 20464523, 20361093, 20419019, 20406015, 20416032, 20444548, 20429947, 20429697, 20346291, 20386218, 20389582, 20456610, 20354020, 20367690, 20383530, 20497240, 20429617, 20393645, 20365059, 20435591, 20157831, 20401844, 20452256, 20403113, 20226816, 20396699, 20446966, 20406400, 20407453], "l1-load-miss-rate": [0.007907194562385492, 0.007551257413570378, 0.007512165079556001, 0.0075019960389664546, 0.007512944872481092, 0.007530940821031128, 0.007521965073819093, 0.007689750665089686, 0.007471028982951142, 0.007462113009706179, 0.007702926788398755, 0.0075598775615029245, 0.007548591101998334, 0.007535424593881929, 0.007544553247828253, 0.007609349579629543, 0.007534442221163586, 0.007713177762249989, 0.00752375458692562, 0.007696020032847239, 0.007540673258814411, 0.007540128406652145, 0.007607117233419767, 0.007523132287811143, 0.007491136897340934, 0.007548192992118733, 0.007520337382441563, 0.0074940495973173605, 0.007504829943263717, 0.007539005884894108, 0.007525529950710966, 0.00751398629769208, 0.007586074936968622, 0.007509044628308748, 0.0074985389568463364, 0.0076055215904194725, 0.007551071240599158, 0.007542661637931646, 0.007488252433207051, 0.007507994001277564, 0.007521472518787644, 0.0074207373885448475, 0.007535574725426658, 0.007534979266526816, 0.007526584767680592, 0.007535359771344651, 0.007752138526554017, 0.007570863795356258, 0.0075436149073941665, 0.00753773224728818], "l2-load-miss-rate": [0.9593041262144214, 0.9913958197248904, 0.992744295916182, 0.9896092063399982, 0.9958651392489193, 0.9916035946665256, 0.9925712044039419, 0.9912176580000553, 0.9955467747104412, 0.9927475694125149, 0.9905072857180015, 0.9923579235644606, 0.9922057822838947, 0.9923477315310119, 0.991561994921461, 0.9915928482737195, 0.9921037261639515, 0.9911894548501538, 0.9914704950502747, 0.991593192436266, 0.9924456256995262, 0.9929639614137595, 0.9916032863243931, 0.992671113386503, 0.9905216232996513, 0.9915900107663832, 0.9918075075967758, 0.9966414897849336, 0.9951159071849879, 0.9924889530953709, 0.9917989485116002, 0.9914841629170424, 0.9923079894043016, 0.9938572361547645, 0.9923228205681812, 0.9930399747064352, 0.9901453771628165, 0.991103909505595, 0.9968665968062345, 0.9928732586789536, 0.9958333833290264, 0.9904975784413246, 0.9919933398286701, 0.9917119171080047, 0.9890784956482269, 0.991464514719602, 0.9920083251197188, 0.9919100040867205, 0.9921508405584574, 0.9929608895500117], "l3-load-miss-rate": [0.9995686117095122, 0.9999524784632395, 0.9999932060236665, 0.9999750066914797, 0.9999887480462014, 0.9999531526047543, 0.9999736038596544, 0.9999868228048361, 0.9999847726017217, 0.9999907452905649, 0.9999099587318246, 0.9999110459944535, 0.9998311137129213, 0.9999164675108013, 0.9999873290752177, 0.9999853500004924, 0.9999082143241009, 0.9999370210137603, 0.9999966252886295, 0.9999842118412576, 0.9999917393114388, 0.9999941850586989, 0.9999897353251125, 0.9999887849656245, 0.9999838773028443, 0.999997599925392, 0.9999809729224632, 0.9999843856667862, 0.9999887908273921, 0.9999966087185129, 0.999886344784501, 0.9999794502898588, 0.9997807554624153, 0.9999921882753382, 0.9997109146889018, 0.9999833689257945, 0.9999898035052525, 0.9999570231786529, 0.9999564570237444, 0.9999701449428652, 0.9999790072134445, 0.9999261329257101, 0.9999211835949731, 0.9998549793235524, 0.9999598590666042, 0.9999649475231297, 0.9999951462734239, 0.9999907565748385, 0.9999755468872511, 0.9999238023480931], "l3-stores": [8265, 1410, 19, 9, 39, 79, 0, 39, 119, 59, 99, 239, 290, 249, 170, 0, 249, 39, 39, 0, 0, 19, 1208, 19, 79, 89, 0, 39, 69, 0, 219, 79, 149, 199, 529, 129, 59, 19, 59, 39, 259, 0, 119, 499, 139, 79, 19, 19, 0, 120], "l3-store-miss-rate": [0.0676346037507562, 0.02127659574468085, 0.0, 0.0, 0.0, 0.4936708860759494, -1, 0.0, 0.0, 0.0, 0.0, 0.0794979079497908, 0.20689655172413793, 0.3172690763052209, 0.47058823529411764, -1, 0.28112449799196787, 1.2564102564102564, 0.48717948717948717, -1, -1, 0.0, 0.015728476821192054, 1.0, 0.0, 0.0, -1, 0.0, 0.42028985507246375, -1, 0.0, 0.24050632911392406, 0.0, 0.25125628140703515, 0.3572778827977316, 0.5426356589147286, 0.3220338983050847, 4.157894736842105, 0.0, 6.128205128205129, 0.6911196911196911, -1, 0.3277310924369748, 0.0, 0.0, 0.0, 0.0, 0.0, -1, 0.0], "instructions": [8933117682, 9098511129, 9131811344, 9087452082, 9519917460, 8957159331, 9175366707, 9143320897, 9132483884, 9100468902, 9155887585, 9142264927, 9797820017, 9406635817, 9739630495, 9136925284, 9748402073, 9669671734, 9124498729, 9074824855, 9031649365, 9228592380, 9368413056, 9139093033, 9138219451, 9040485469, 9167218859, 9211091524, 9146584398, 9140391624, 9117499524, 9139676895, 9219210515, 9814099060, 9123378744, 9814716001, 9187055970, 9803261823, 9405476642, 9090857176, 9794452516, 9039685523, 9318377188, 9130403938, 9127706709, 9177733399, 9138587116, 9180861572, 9060647822, 9746940063], "cpi": [8.611035794255644, 8.299910894245388, 8.18992391067513, 8.228998155062843, 7.85393273997987, 8.347805730798829, 8.147270741121345, 8.183664605553874, 8.186365274291022, 8.209859490270912, 8.169410905343701, 8.185793528908091, 7.62880120764725, 7.94909785896732, 7.678836684861318, 8.174432989157843, 7.66955378513551, 7.730997559942607, 8.198026913221788, 8.234747281522052, 8.281882467212013, 8.097238741299787, 7.987774043446276, 8.186498077199298, 8.187721502990637, 8.266782953113555, 8.155799832639296, 8.114267417087062, 8.174048830987456, 8.187712407583817, 8.205510373547895, 8.181711910725046, 8.112359122542502, 7.614656827908562, 8.199740797256547, 7.611828061697167, 8.135440648022959, 7.6201745411650625, 7.950696481034331, 8.224084523666043, 7.633325870115434, 8.270903168895558, 8.0259164706609, 8.187574310033774, 8.196867149579663, 8.145302777278898, 8.180253893527583, 8.149408733073969, 8.245966411539442, 7.672651531724106], "branch-references": [2178255032, 2041336044, 2146791163, 2127587057, 2013037252, 2124898388, 2110562072, 2165193356, 2193045668, 2194938628, 2127915433, 2192771387, 2009535664, 2010921601, 2010105563, 2166401256, 2003476531, 2008032167, 2127879624, 2194085415, 2171434211, 2082959978, 2060437274, 2148487463, 2128684572, 2086240862, 2108575964, 2095836001, 2095326226, 2136780254, 2101785705, 2192032811, 2145808917, 2009856683, 2178251415, 2007378322, 2093035582, 2007491793, 2063130739, 2145095204, 2009390093, 2165079415, 2022467151, 2182335923, 2194749345, 2096967840, 2193534439, 2099257958, 2191578122, 2008749506],