{"baseline": {"measurements": [{"l1-loads": [2544851460, 2608531900, 2563204080, 2696200847, 2619129773, 2686201790, 2616526622, 2580964298, 2546478007, 2598980231, 2590336536, 2598808697, 2598522286, 2640702970, 2651807535, 2563397808, 2643187633, 2630171331, 2625471246, 2601027839, 2605136857, 2516279708, 2547357648, 2596955672, 2598566422, 2599543783, 2603925892, 2597998739, 2599109925, 2598168722, 2597597016, 2597505609, 2596924652, 2599974274, 2600474425, 2604238595, 2569017994, 2569776320, 2538379459, 2533421870, 2541203315, 2570771345, 2602585668, 2608583736, 2598315193, 2601806928, 2598510380, 2597475121, 2603926934, 2596907851], "l2-loads": [313772, 421717, 946293, 649125, 94384, 701616, 255905, 383251, 218060, 242669, 244141, 402443, 101643, 450276, 790780, 171932, 253318, 198182, 328159, 147619, 97807, 167055, 154231, 207047, 143790, 155264, 133242, 197798, 274093, 159310, 183779, 151146, 191210, 177064, 134306, 164337, 191853, 201528, 68695, 154828, 159869, 137402, 136448, 155547, 152737, 179885, 129874, 148056, 203911, 140785], "l3-loads": [9242, 13973, 19932, 27908, 12259, 33312, 14991, 10705, 4661, 6146, 7665, 18696, 3629, 18264, 34821, 15602, 17629, 6641, 34462, 5010, 403, 665, 635, 423, 186, 972, 2266, 1425, 7123, 294, 333, 313, 284, 718, 491, 1004, 1544, 816, 402, 1396, 403, 540, 187, 483, 608, 491, 814, 255, 1300, 383], "l1-load-miss-rate": [0.0001580638423587992, 0.00015938313807854908, 0.0002869057543010777, 0.00017996211244421435, 3.470389323087581e-05, 0.0002481857478026623, 0.0001243079268772676, 0.0001283512523814074, 8.368578067990359e-05, 7.089857698882975e-05, 0.000119595657048633, 0.00012388214660496037, 3.2311826014487376e-05, 0.00014772808772203563, 0.000277181503671985, 6.204265272586985e-05, 9.394036083551849e-05, 7.60612046987596e-05, 0.00011755565804433114, 6.186400529333205e-05, 3.001761684415031e-05, 6.510722932714602e-05, 6.53716607602169e-05, 8.014384005242273e-05, 5.7928478843401296e-05, 5.941388677891716e-05, 5.3104045865833726e-05, 7.3611660055544e-05, 6.113631380942844e-05, 6.831234572917778e-05, 7.027302498256335e-05, 6.318754401580967e-05, 7.429557105224784e-05, 6.610796180516361e-05, 4.9854364555036916e-05, 4.961526960243825e-05, 7.214118407611278e-05, 6.836781809865848e-05, 2.8884176374829387e-05, 5.902688445647625e-05, 6.412395223874481e-05, 5.282305649785434e-05, 5.5992393177199344e-05, 6.384115552884824e-05, 5.942697037526039e-05, 6.83063751147026e-05, 5.3691145924920264e-05, 6.347202276052136e-05, 7.699179165985e-05, 5.580675492362705e-05], "l2-load-miss-rate": [0.043627219764669885, 0.0239805367106377, 0.020801168348492487, 0.04260812632389756, 0.11834632988642142, 0.0489584045973866, 0.052136535042300855, 0.026102997774304568, 0.024117215445290288, 0.02670716078279467, 0.026091479923486836, 0.044378955529105986, 0.02684887301634151, 0.029179880784230117, 0.0507460987885379, 0.0812297885210432, 0.0650920976795964, 0.03930225752086466, 0.08116492310130151, 0.021237103624872137, 0.0027196417434334967, 0.0076022866720541135, 0.003481790301560646, 0.0018981197505880307, 0.0029348355240280967, 0.003606760098928277, 0.014492427312709206, 0.001188080769269659, 0.02810724826974786, 0.0016634235139037098, 0.0011753247106579098, 0.0022097839175366863, 0.0011819465509126093, 0.00494171598969864, 0.0035888195613003144, 0.006413649999695747, 0.010721750506898511, 0.0037563018538366876, 0.004716500473105757, 0.0088937401503604, 0.00239571148878144, 0.004293969520094322, 0.0018028846153846155, 0.002217979131709387, 0.005728801796552244, 0.0025127164577368874, 0.006052019649814435, 0.0011279515858864213, 0.004830538813501969, 0.0031395390133892105], "l3-load-miss-rate": [0.8009088941787492, 0.3471695412581407, 0.37512542644992974, 0.1602407911709904, 0.823966065747614, 0.13346541786743515, 0.635047695283837, 0.20495095749649697, 0.586998498176357, 0.011226814188089814, 0.7121983039791259, 0.3892811296534018, 0.7795535960319647, 0.3428602715724923, 0.25602366388099135, 0.7133059864119985, 0.6653241817459867, 0.7282035837976208, 0.36727409900760255, 0.9626746506986028, 0.6600496277915633, 0.19398496240601504, 0.17165354330708663, 0.0, 0.20967741935483872, 0.8693415637860082, 0.026037069726390114, 0.9382456140350878, 0.002667415414853292, 0.29931972789115646, 0.11711711711711711, 0.06070287539936102, 0.06690140845070422, 0.0, 0.038696537678207736, 0.4900398406374502, 0.5731865284974094, 0.20465686274509803, 0.1691542288557214, 0.013610315186246419, 0.0, 0.0, 0.0, 0.12215320910973085, 0.2894736842105263, 0.39918533604887985, 0.08353808353808354, 0.4235294117647059, 0.022307692307692306, 0.0], "l3-stores": [1931, 720, 11692, 2401, 5666, 21473, 43475, 7169, 1073, 335, 5128, 2018, 268, 1693, 43312, 13934, 2035, 3362, 24815, 197, 49, 188, 39, 19, 58, 19, 768, 88, 39, 0, 39, 59, 19, 452, 718, 0, 157, 295, 59, 0, 511, 78, 39, 98, 157, 78, 98, 86, 98, 39], "l3-store-miss-rate": [0.20818228896944588, 0.25, 0.09237085186452275, 0.3206997084548105, 0.17049064595834804, 0.04312392306617613, 0.032455434157561816, 0.008229878644162365, 0.8685927306616962, 0.1761194029850746, 0.10198907956318252, 0.43409316154608524, 0.5186567164179104, 0.47017129356172477, 0.04550701884004433, 0.08202956796325535, 0.7587223587223587, 0.20017846519928614, 0.06242192222446101, 0.7969543147208121, 0.1836734693877551, 0.6329787234042553, 0.0, 0.0, 0.6724137931034483, 0.0, 0.0, 0.0, 0.0, -1, 0.0, 0.3220338983050847, 0.0, 0.0420353982300885, 0.0, -1, 0.0, 0.2, 0.0, -1, 0.0, 0.0, 0.0, 0.0, 0.2484076433121019, 0.24358974358974358, 0.5918367346938775, 0.0, 0.0, 0.0], "instructions": [8656940209, 8761243220, 8881113733, 8613360770, 8632148599, 8935742729, 8847322827, 8764648970, 8571552145, 8721724456, 8690663457, 8730822991, 8763439745, 8863467590, 8646895233, 8942827923, 8720764955, 8419659547, 8871741368, 8744242981, 8742210174, 8629622382, 8753254208, 8561268340, 8533723892, 8528369838, 8548234268, 8531538806, 8531873537, 8649370806, 8666448642, 8644017562, 8643220215, 8736116263, 8712546871, 8741199366, 8728336421, 8723954892, 8734750007, 8733150754, 8734714985, 8738040242, 8737256289, 8757924530, 8730066672, 8729816062, 8740768585, 8931949095, 8750211440, 8734353662], "cpi": [0.5759183368064313, 0.5645994685672018, 0.5871429685248013, 0.6067508521415387, 0.5810190878295375, 0.57527680841985, 0.5872778482936667, 0.5598992138529423, 0.5860833756848131, 0.5617309595959105, 0.5844008343125051, 0.5783386437000324, 0.5607825732816744, 0.5765204309840546, 0.5993050813456062, 0.570938396664037, 0.580437975810575, 0.6003540914906782, 0.5923451535630925, 0.559944718100692, 0.5597585711853191, 0.5627361588995192, 0.5634444201897444, 0.571108415228111, 0.56453461020883, 0.5650475678866778, 0.5656813203051538, 0.5638850064910553, 0.5660625115990863, 0.5564174561300453, 0.555086381021907, 0.5567724401853777, 0.5566082595756239, 0.5560553111654485, 0.5610940791918984, 0.5599583265471079, 0.5600105449922598, 0.55987865394387, 0.5591920470632423, 0.5595785952465879, 0.5594196386935687, 0.5590515926580234, 0.559880342088475, 0.5600415057470243, 0.5593615902914149, 0.5599408103542698, 0.5585609875747557, 0.5467400354681489, 0.5593099888566807, 0.5591999908647619], "branch-references": [2084719309, 1966075786, 2096307359, 1990426087, 2056162088, 1956260818, 1942691446, 2112005937, 2111759344, 2101773693, 2092351936, 2037536660, 2066729762, 2106654302, 1994490020, 1998020764, 2085929383, 2042102627, 1977657598, 2107761598, 2104053956, 2121949168, 2073528000, 2090332321, 2080256495, 2082648751, 2088727297, 2081048238, 2098141376, 2084673289, 2080508206, 2085748419, 2099086514, 2087982846, 2093792071, 2085740523, 2088281309, 2103095976, 2083881736, 2092830342, 2089822665, 2089258636, 2095264469, 2030918832, 2083126891, 2088644769, 2077461005, 2063181926, 2106546283, 2083021564],