{"baseline": {"measurements": [{"l1-loads": [1934375133, 1932695805, 1965031749, 1919624945, 1923195401, 1894488508, 1932212183, 1933272828, 1932143619, 1932347987, 1932355687, 1942928227, 1932923679, 1931683608, 1932181975, 1932200212, 1931986147, 1931703161, 1929919341, 1932624765, 1933436994, 1932382816, 1924364725, 1932344197, 1932696113, 1932201474, 1931197159, 1932274741, 1932387495, 1932548594, 1932283483, 1930202544, 1932354006, 1932533120, 1932162342, 1924804781, 1938053072, 1893717733, 1803929548, 1917990945, 1928570665, 1878955177, 1890967131, 1909190006, 1977387470, 1969720969, 1890856718, 1906581316, 1957137776, 1933480804], "l2-loads": [2544, 2286, 7450, 6334, 2344, 2466, 3103, 2932, 2063, 2000, 2109, 2068, 2401, 2756, 2140, 2852, 3609, 2208, 2502, 3084, 2813, 2202, 588, 2703, 2602, 2981, 2260, 1887, 2101, 3536, 2736, 2625, 2532, 2721, 2086, 1158, 6133, 3342, 16057, 2252, 3684, 6943, 3435, 16183, 23499, 2490, 3183, 1282, 1262, 3112], "l3-loads": [30, 145, 1833, 1449, 82, 134, 145, 114, 0, 176, 51, 1134, 124, 103, 134, 20, 83, 20, 83, 20, 124, 124, 72, 41, 62, 20, 20, 31, 134, 31, 41, 41, 31, 10, 10, 385, 1201, 1572, 4843, 1803, 1907, 1492, 704, 2555, 5246, 855, 1493, 301, 1582, 93], "l1-load-miss-rate": [1.2463973294884163e-06, 1.0844955499864605e-06, 2.673748148178139e-06, 4.986390713942301e-06, 1.1148113181246111e-06, 1.2177429370819915e-06, 1.519501856903466e-06, 1.404354295305908e-06, 1.0340846199797945e-06, 9.925748430942423e-07, 1.0567412685654286e-06, 1.8580202551146528e-07, 1.2111186931142149e-06, 1.3837669838527718e-06, 9.999058189123206e-07, 1.4398093855503624e-06, 1.8064311720968048e-06, 1.0907472962405119e-06, 1.2497931642833358e-06, 1.5207297625620564e-06, 1.3173431603429845e-06, 1.0432715419054937e-06, 9.608365690656692e-07, 1.325333242377833e-06, 1.2924949676245351e-06, 1.5065716692440532e-06, 1.0982824773304256e-06, 8.834147462469986e-07, 9.583999093308146e-07, 1.7282877182854424e-06, 1.4180113964157918e-06, 1.283285014673569e-06, 1.2559810430511768e-06, 1.3355527899050961e-06, 1.0428730320425632e-06, 1.0624454075480602e-06, 3.2641004993076886e-06, 3.1593937658923534e-06, 1.1196113519173864e-05, 5.823802259921514e-07, 3.2023716382723265e-06, 3.891524443746749e-06, 2.682225363334462e-06, 1.0691445029489642e-05, 1.3545144998820085e-05, 1.4108597327929445e-06, 1.7219707707117764e-06, 7.468865807347501e-07, 6.162059793587061e-07, 1.6064291890430374e-06], "l2-load-miss-rate": [0.5766509433962265, 0.768591426071741, 0.19436241610738256, 0.21250394695295233, 0.6348122866894198, 0.6208434712084347, 0.5178859168546568, 0.5098908594815825, 0.6854095976732913, 0.7245, 0.6818397344713134, 0.7011605415860735, 0.6988754685547689, 0.5101596516690856, 0.747196261682243, 0.5241935483870968, 0.41812136325852034, 0.6666666666666666, 0.5579536370903277, 0.4675745784695201, 0.6011375755421259, 0.6757493188010899, 0.13945578231292516, 0.532741398446171, 0.5407378939277478, 0.548809124454881, 0.7327433628318584, 0.7514573396926338, 0.7153736316039981, 0.3953619909502262, 0.570906432748538, 0.5676190476190476, 0.5979462875197472, 0.5505328923190004, 0.7205177372962608, 0.5449050086355786, 0.13321376161747922, 0.4886295631358468, 0.2993087127109672, 0.7437833037300178, 0.16449511400651465, 0.2271352441307792, 0.27190684133915577, 0.16090959649014397, 0.2216690071917954, 0.30120481927710846, 0.14923028589381088, 0.33073322932917315, 0.27416798732171155, 0.5003213367609255], "l3-load-miss-rate": [0.3333333333333333, 0.42758620689655175, 0.7795962902345881, 0.7011732229123534, 0.3780487804878049, 0.07462686567164178, 0.0, 0.0, -1, 0.0, 0.0, 0.0, 0.0, 0.0, 0.0, 0.0, 0.0, 0.0, 0.0, 0.0, 0.0, 0.0, 0.0, 0.0, 0.0, 0.0, 0.0, 0.0, 0.0, 0.0, 0.0, 0.0, 0.0, 0.0, 0.0, 0.5116883116883116, 0.3996669442131557, 0.7410941475826972, 0.09807970266363825, 0.7603993344425957, 0.9396958573675931, 0.4175603217158177, 0.6761363636363636, 0.3984344422700587, 0.2590545177277926, 0.5052631578947369, 0.9290020093770931, 0.4684385382059801, 0.8508217446270544, 0.0], "l3-stores": [0, 20, 906, 423, 20, 0, 0, 83, 0, 0, 0, 0, 124, 20, 0, 0, 31, 0, 0, 0, 62, 0, 20, 41, 0, 0, 0, 0, 20, 0, 0, 0, 0, 0, 0, 180, 230, 582, 741, 41, 188, 223, 442, 499, 1039, 278, 41, 148, 210, 0], "l3-store-miss-rate": [-1, 1.0, 0.45695364238410596, 0.6997635933806147, 0.0, -1, -1, 0.0, -1, -1, -1, -1, 0.0, 0.0, -1, -1, 0.0, -1, -1, -1, 0.0, -1, 0.0, 0.0, -1, -1, -1, -1, 0.0, -1, -1, -1, -1, -1, -1, 0.4666666666666667, 0.41739130434782606, 0.8831615120274914, 0.31309041835357626, 1.0, 0.44148936170212766, 0.6636771300448431, 0.5067873303167421, 0.5490981963927856, 0.5996150144369586, 1.3992805755395683, 0.4878048780487805, 1.0, 0.6, -1], "instructions": [7197219804, 7192690274, 6965377704, 7252519605, 7199532952, 7191126473, 7190067574, 7190767408, 7189021803, 7189534200, 7188592492, 7229081334, 7190276563, 7188662837, 7188188244, 7189005400, 7190545177, 7189903443, 7191032714, 7192269243, 7161093105, 7184941004, 7169570782, 7188926498, 7187911808, 7189463561, 7190381094, 7190621288, 7187158531, 7190523246, 7190931494, 7193107042, 7190067910, 7188746202, 7189108339, 7183710953, 7259456702, 7306372385, 7289365160, 7194728870, 7208039299, 7024244096, 7295520937, 7236933597, 7272188435, 7299296363, 7253322287, 7247219064, 7279015807, 7194835229], "cpi": [0.3585693493153735, 0.358432688992497, 0.39419994143651393, 0.36141355125643954, 0.3584494651535835, 0.3586539454817902, 0.35860639047729764, 0.35882424915168387, 0.35846406418250226, 0.3584711809285225, 0.35866483388358966, 0.35844036085374054, 0.3586513015744204, 0.3584587166527031, 0.3584274884774428, 0.3586379523376071, 0.3583717928986179, 0.3584571878373694, 0.3584039260428262, 0.3584350396099319, 0.35995375862383794, 0.3587048700281854, 0.3584215139421717, 0.3584796430617227, 0.35855944519679894, 0.3584535707197529, 0.35842201620586317, 0.358390789722258, 0.358718010306819, 0.35842400821577153, 0.3585672752064741, 0.3584028598416623, 0.35839756595567396, 0.35842861850973995, 0.35845017538829443, 0.36531511320121457, 0.36916609465577055, 0.3705268089753955, 0.4044168949275138, 0.36139065015246363, 0.3606183490648585, 0.37519203945386354, 0.3646036259740776, 0.37670334575546055, 0.4071632706530658, 0.36747131594716975, 0.35869595932102005, 0.36329864941971346, 0.35852030373259497, 0.35860382383747846], "branch-references": [1432860625, 1433475490, 1379575251, 1425589976, 1435290364, 1433684365, 1433650465, 1395058307, 1411949630, 1433263279, 1433320668, 1441153248, 1432922238, 1433429911, 1433271870, 1433230261, 1433390410, 1432767446, 1433614939, 1433321823, 1434016146, 1433468001, 1428909964, 1433666926, 1433347921, 1433042156, 1433463900, 1433168193, 1433130056, 1433690212, 1433219373, 1395422313, 1416160752, 1433011114, 1416278237, 1400705092, 1396149371, 1431623799, 1466609686, 1416740632, 1397246952, 1419684943, 1390656077, 1417431009, 1449134807, 1412553738, 1426649674, 1435010598, 1440375789, 1433827707], "branch-non-conditional-references": [846683929, 831475862, 776997852, 821522532, 832403979, 831644765, 831747803, 792688578, 809973337, 831365780, 831413115, 835922951, 830958111, 831416865, 831378732, 831313557, 831394088, 830829700, 831716367, 831113306, 831880910, 831466078, 828824409, 831795600, 831611486, 831222313, 831581239, 831327775, 831184542, 831764652, 831431742, 810882315, 831755905, 848632721, 831905901, 818443662, 799339808, 836364153, 854052473, 829877360, 792720992, 814659645, 802931148, 811166657, 878785221, 814998601, 830055376, 834965916, 835415280, 832117642],