{
  "baseline": {
    "measurements": [
      {
        "l1-loads": [
          22755150641,
          22809485048,
          22512641750,
          22836947834,
          22643515088,
          22581085168,
          22637367989,
          22673345367,
          22682435900,
          22166976211
        ],
        "l2-loads": [
          139206,
          73527,
          279262,
          174152,
          159477,
          283492,
          310062,
          303269,
          453793,
          271791
        ],
        "l1-load-miss-rate": [
          0.000006078535896430412,
          0.000003933582884979123,
          0.000011538183873956063,
          0.000006469121927933375,
          0.000007622005652800084,
          0.000011143175721093406,
          0.000015256234742829581,
          0.000014315443740049479,
          0.000022680897336956652,
          0.000013093396105869083
        ],
        "l2-load-miss-rate": [
          0.458248926052038,
          0.3304092374229875,
          0.4270470024564746,
          0.5051564150856723,
          0.5130018748785091,
          0.3856017101011669,
          0.39306654798072643,
          0.356241488579446,
          0.42224538501034614,
          0.4945417618684945
        ],
        "l3-load-miss-rate": [
          0.4228426016016765,
          0.05245117576723794,
          0.4080589372308318,
          0.3089551855937203,
          0.42697114745379605,
          0.3091533780439277,
          0.39855406860483,
          0.3990626046200201,
          0.36555067096137905,
          0.33517152791619603
        ],
        "l3-store-miss-rate": [
          0.36005046257359125,
          0.15714285714285714,
          0.3455085634393569,
          0.4127735473691432,
          0.514439123494413,
          0.3604082276816245,
          0.3321229840611148,
          0.33560042507970245,
          0.35680317650861076,
          0.37863062504840833
        ],
        "instructions": [
          101930893402,
          101626934117,
          102232141336,
          102383262516,
          101827981178,
          102495349672,
          102363758977,
          100299094123,
          101929383933,
          101187279582
        ],
        "cpi": [
          0.4549013871106735,
          0.4406198417384852,
          0.481386466045489,
          0.46636604996386144,
          0.4720629443293469,
          0.4778254677673353,
          0.49036923973530994,
          0.508759626895758,
          0.5426571578452591,
          0.5021397184596167
        ],
        "br-miss-rate": [
          0.0030985966756450164,
          0.003166940124989922,
          0.003134594494760008,
          0.0031696616169810034,
          0.0031035955127895823,
          0.0031351833311866134,
          0.0031417563792498714,
          0.005211798192623092,
          0.0031602741738131716,
          0.003245076109262917
        ],
        "frontend-boundedness": [
          0.07918025463806465,
          0.07601326040807825,
          0.08446485644049267,
          0.08171735815044717,
          0.08277987448170328,
          0.08349376110806042,
          0.08482370734461889,
          0.09267946577234076,
          0.09038688338882911,
          0.08550327564409302
        ],
        "timestamp": 1683719761
      }
    ]
  }
}