{"baseline": {"measurements": [{"l1-loads": [400810386, 398691641, 403061788, 391432848, 403001053, 401974587, 397731779, 402161972, 401884817, 405492206, 384069636, 401658901, 403820616, 402162884, 402088744, 402800873, 402643957, 400401545, 400043349, 395465378, 402158286, 402389910, 402061559, 402675251, 401988622, 402755707, 400762882, 400527171, 402448898, 402737442, 392749040, 402270272, 402220099, 402376741, 402775916, 400978736, 400203807, 402196104, 401713810, 386779095, 401933618, 402474768, 402513281, 402273140, 400012160, 400660772, 401792143, 389409087, 403167768, 388601775], "l2-loads": [180559, 464179, 163807, 897661, 169475, 256597, 241291, 212006, 137502, 949257, 212002, 157818, 160355, 163382, 138585, 181930, 133949, 148171, 160438, 49811, 166919, 141864, 206643, 148009, 130487, 209140, 139766, 191139, 140583, 175543, 260093, 154141, 101256, 138713, 138386, 210812, 197530, 167165, 176129, 241204, 143175, 158190, 89082, 154822, 136801, 191275, 143127, 192180, 578511, 731795], "l3-loads": [7790, 24870, 532, 21277, 3999, 1625, 17354, 14694, 9040, 22817, 9358, 214, 234, 493, 130, 391, 671, 539, 306, 233, 74, 158, 204, 5031, 820, 4056, 399, 957, 345, 560, 820, 204, 64, 288, 429, 604, 167, 279, 1297, 112, 755, 139, 1211, 204, 892, 259, 5646, 140, 15282, 18156], "l1-load-miss-rate": [0.000665070091272535, 0.0012352629183916097, 0.0003532659364871373, 0.002257666939592152, 0.00041300140225688196, 0.0006056626659336552, 0.0008545482607765169, 0.0004824946501903467, 0.0003167201014214976, 0.001608775681375242, 0.0008013286423923395, 0.00038295180218102525, 0.00039377880598349637, 0.0003938926397792592, 0.00032923080283988254, 0.0004572408163574164, 0.0004166932027245103, 0.0003653782105161457, 0.0004277636421846873, 0.00012466072314426473, 0.000396386212964912, 0.0003455777506945937, 0.00044997089612339684, 0.00034155563238228413, 0.0003273649869622429, 0.0003905891270213584, 0.00033511337010496897, 0.00045725487123069613, 0.00036792745796014083, 0.0004199708851505294, 0.0005969715419291668, 0.00038547466912991274, 0.00026865141813810754, 0.00033815324330587984, 0.00042851370487603834, 0.00045669005251191175, 0.00047658966922321154, 0.0004085096756680666, 0.00042279850921729577, 0.0006189864010101167, 0.0003574769403837228, 0.00038124377526195627, 0.00025573069227497115, 0.0003848206221275425, 0.0003579166193347722, 0.0004818390356418522, 0.0003777898663389244, 0.00046542057196523513, 0.0014393586146003617, 0.0023432136922174377], "l2-load-miss-rate": [0.03795435287080677, 0.05756400009479102, 0.00313783904228757, 0.024189532574100912, 0.028352264345773714, 0.006336784919543097, 0.04445254899685442, 0.0683235380130751, 0.05149016014312519, 0.024678248356346067, 0.05267874831369515, 0.0023001178572786374, 0.0009291883633188862, 0.002564541993610067, 0.0008009524840350687, 0.0005111856208431815, 0.009682789718474942, 0.00375917014800467, 0.0017950859522058366, 0.005039047599927727, 0.0011143129302236415, 0.001113742739525179, 0.0008565497016593836, 0.03443709504151775, 0.0010652402155003947, 0.02100028688916515, 0.0031194997352718113, 0.005299807993135885, 0.0020557250876706286, 0.002871091413499826, 0.005294260130030412, 0.005203028396078915, 0.0007308208896262937, 0.0042317590997238905, 0.001951064414030321, 0.003083315940269055, 0.0008910038981420543, 0.0023988275057577843, 0.002696886940821784, 0.0004228785592278735, 0.005664396717303999, 0.0009419053037486567, 0.0024022810444309737, 0.00523827363036261, 0.0029239552342453638, 0.001652071624624232, 0.0394614573071468, 0.000775314809033198, 0.027434223376910725, 0.02336583332763957], "l3-load-miss-rate": [0.6459563543003851, 0.1750301568154403, 0.2274436090225564, 0.47892090050289043, 0.10527631907976995, 0.5058461538461538, 0.5238561714878415, 0.6143323805634953, 0.4650442477876106, 0.3496515755796117, 0.9856807010044881, 0.0, 0.0, 0.22515212981744423, 0.0, 0.8337595907928389, 0.44411326378539495, 0.0, 0.0, 0.0, 0.0, 0.0, 0.18137254901960784, 0.0035778175313059034, 0.8304878048780487, 0.0, 0.0, 0.24242424242424243, 0.02608695652173913, 0.13214285714285715, 0.01097560975609756, 0.04411764705882353, 0.28125, 0.3541666666666667, 0.5221445221445221, 0.014900662251655629, 0.0, 0.4336917562724014, 0.8635312259059368, 0.0, 0.0, 0.0, 0.8620974401321222, 0.2696078431372549, 0.625560538116592, 0.3204633204633205, 0.9114417286574567, 0.0, 0.6490642586048947, 0.2755012117206433], "l3-stores": [701, 33453, 320, 19988, 2831, 784, 21680, 4455, 682, 22475, 10629, 194, 225, 178, 260, 9388, 2521, 324, 278, 314, 212, 159, 125, 263, 241, 123, 65, 312, 173, 12979, 907, 212, 95, 178, 83, 21, 365, 148, 114, 183, 261, 184, 104, 135, 173, 65, 590, 207, 29274, 36808], "l3-store-miss-rate": [0.33808844507845937, 0.011986966789226677, 0.0, 0.12052231338803282, 0.0, 0.125, 0.05018450184501845, 0.055667789001122334, 0.3357771260997067, 0.02264738598442714, 0.018063787750493932, 0.0, 0.38222222222222224, 0.0, 0.0, 0.009267149552620367, 0.0, 0.0, 0.0, 0.0, 0.0, 0.0, 0.0, 0.0, 0.0, 0.34959349593495936, 0.0, 0.0, 0.0, 0.003313044148239464, 0.15325248070562295, 0.0, 0.0, 0.0, 0.0, 0.0, 0.0, 0.0, 0.0, 0.0, 0.0, 0.0, 0.20192307692307693, 0.0, 0.0, 0.0, 0.23728813559322035, 0.0, 0.022169843547174967, 0.025048902412519017], "instructions": [1133211001, 1151386923, 1081934875, 1130672939, 1122053110, 1131323061, 1130956559, 1119431059, 1128115333, 1115294058, 1142007822, 1127929178, 1132265040, 1127312884, 1127937039, 1122732998, 1125971570, 1123385670, 1124555041, 1127833297, 1127554414, 1127664051, 1127857943, 1127794205, 1126943325, 1129901243, 1121867376, 1123759431, 1127804586, 1128439284, 1097997715, 1127796938, 1127824407, 1127609560, 1128719044, 1121851646, 1124261378, 1127094579, 1127858648, 1128739150, 1125785079, 1127768367, 1126770842, 1126920621, 1122158125, 1122641881, 1126220761, 1130788692, 1120113037, 1089176322], "cpi": [1.8016483948694035, 1.8412493251844932, 1.8130207948052326, 1.89293324725091, 1.8131601087937808, 1.814166317078195, 1.855687936286154, 1.8319383784401502, 1.8119973855545495, 1.9018753841509304, 1.8268755544478223, 1.797427367376784, 1.7983774991410137, 1.7982006546462925, 1.797661102429672, 1.807254954307489, 1.801444011592584, 1.7982691563085365, 1.7969173498196074, 1.7975646253685664, 1.7979815216261483, 1.7980452752767588, 1.7971879717479633, 1.7986966487383218, 1.7987074203576299, 1.7969671956542843, 1.8004370268807959, 1.797323800168401, 1.7983185741363885, 1.79794100379795, 1.8661030820086908, 1.7976467675070067, 1.797239939497071, 1.798111377310423, 1.7979926809846578, 1.8014319756143586, 1.7970353740996339, 1.7502235142948017, 1.796720185276267, 1.7976201782316135, 1.8003662935383424, 1.7981514399046803, 1.7987549424002578, 1.798824176454572, 1.801335018627611, 1.800068663214249, 1.811682200022949, 1.798255145621849, 1.9017569483034238, 1.9677947020225437], "branch-references": [242597349, 241828742, 242306916, 242633255, 242473630, 239884070, 244226009, 241455213, 240532321, 240828324, 241936559, 241892373, 239396807, 241889412, 240685525, 234430324, 232278693, 240987959, 241152694, 241862998, 241916517, 241598474, 241936028, 241908571, 241890938, 242266918, 240963250, 240988183, 241437817, 241913579, 244607594, 241865352, 241848457, 242017363, 242093731, 240531713, 241003199, 241908630, 241923108, 242096254, 241890928, 241635833, 241918579, 241882620, 241001770, 241159063, 242562405, 240952964, 236656247, 243987288],