{
  "Y2FjaGVfZ2FkZ2V0X2M4O2NhY2hlX2dhZGdldF9jNjtjYWNoZV9nYWRnZXRfYzQ=": {
    "variants": [
      "cache_gadget_c8",
      "cache_gadget_c6",
      "cache_gadget_c4"
    ],
    "measurements": [
      {
        "l1-loads": [
          6475391738,
          6503361448,
          6441219504,
          6528753723,
          6467260414,
          6588355751,
          6392589070,
          6460258701,
          6517066589,
          6577558611
        ],
        "l2-loads": [
          1492945293,
          1466278845,
          1483228246,
          1495933854,
          1487343178,
          1482852739,
          1483444737,
          1481553828,
          1491627931,
          1500888555
        ],
        "l1-load-miss-rate": [
          0.22971662907600912,
          0.2276717763327369,
          0.2251384591224451,
          0.22730535519696154,
          0.2293410820119791,
          0.2236639699937782,
          0.23091654755778007,
          0.2303473437943983,
          0.22671953306322123,
          0.22758065484914308
        ],
        "l2-load-miss-rate": [
          0.9804794046127181,
          0.985508285772206,
          0.9854281955199496,
          0.9820185759363128,
          0.9836375065553298,
          0.9877027532671266,
          0.9835515989295663,
          0.980205370573954,
          0.9821784391083516,
          0.9799278194909015
        ],
        "l3-load-miss-rate": [
          0.2686362158093758,
          0.27079842237249785,
          0.27197335252650107,
          0.27449959564645643,
          0.2732946385170153,
          0.2673774624722859,
          0.26839023568312964,
          0.26876826515984337,
          0.26687685459610067,
          0.26594445494101276
        ],
        "l3-store-miss-rate": [
          0.9993767185883167,
          0.9712267501857109,
          0.9719606072703687,
          1.000162156418747,
          0.9868088508837547,
          1.0021539249995726,
          1.0004205960318306,
          1.0002056696970252,
          0.9956706781982663,
          1.0251805398136682
        ],
        "instructions": [
          69419151734,
          68691701307,
          69214943271,
          69231913537,
          69339495221,
          69920886925,
          69947149141,
          69506691009,
          69683505993,
          70085248194
        ],
        "cpi": [
          0.6425036142317896,
          0.6664905837225866,
          0.6696552517932931,
          0.6876089656334353,
          0.6667897314746736,
          0.6387692722906633,
          0.626656843835642,
          0.641780962457614,
          0.6367306822715998,
          0.6540089481472944
        ],
        "br-miss-rate": [
          0.00002468603005974767,
          0.000037501752776352204,
          0.000039081735862374365,
          0.000026942262799489304,
          0.00003783301591276415,
          0.0000317312749074238,
          0.000039192584484695804,
          0.000033040777839596677,
          0.000025588034962342577,
          0.00003021639533455337
        ],
        "frontend-boundedness": [
          0.006591339253888168,
          0.008789074410091337,
          0.009375615357835914,
          0.012717752587397633,
          0.007920305017852075,
          0.006714538381418859,
          0.006836688598824002,
          0.006630668568727619,
          0.008277350227783826,
          0.009129794568857118
        ],
        "timestamp": 1683726673
      }
    ]
  }
}