{"baseline": {"measurements": [{"l1-loads": [473608083, 469600265, 470207328, 469553565, 468632811, 475965836, 469976763, 469598879, 470470271, 470557526, 471814290, 469778493, 469555863, 469745270, 470533998, 474763819, 470091870, 469814299, 474154724, 469468061, 462226786, 438567880, 470978862, 468400064, 470801824, 436497845, 471074190, 470545138, 469701977, 470326537, 474514349, 469490064, 469455616, 469921746, 470461468, 474723262, 470024321, 469466769, 469553493, 470243433, 473727377, 471226570, 468721573, 469284818, 469590368, 486190174, 472566470, 468276676, 470938246, 470473095], "l2-loads": [1218, 1431, 1095, 1228, 1355, 1190, 1317, 1938, 1595, 1016, 2474, 2598, 2297, 2284, 3186, 2121, 2138, 1863, 2042, 1811, 1903, 34169, 1231, 1965, 11597, 3035, 1942, 2502, 2242, 1498, 2433, 2585, 1878, 3167, 1837, 2018, 2021, 1775, 1693, 5311, 4339, 1257, 14942, 2757, 2882, 9591, 2305, 1597, 2354, 3807], "l3-loads": [169, 58, 108, 33, 16, 76, 151, 33, 312, 199, 178, 393, 281, 370, 505, 221, 294, 219, 297, 50, 123, 2994, 109, 177, 2687, 442, 202, 235, 202, 218, 451, 210, 252, 370, 389, 357, 286, 143, 176, 1253, 408, 185, 1361, 371, 515, 1078, 278, 100, 430, 524], "l1-load-miss-rate": [2.875795512974807e-06, 3.0494020270623143e-06, 2.6881758848301064e-06, 2.4363567551659414e-06, 3.1794615422265003e-06, 2.626238913500506e-06, 2.7490720855064913e-06, 4.003416711733675e-06, 3.519882343426541e-06, 1.8254941267266014e-06, 6.2164289258809855e-06, 5.4578914067060115e-06, 5.873635529496093e-06, 5.4902096193539105e-06, 5.731785612651947e-06, 3.985139398333132e-06, 5.586142130047899e-06, 5.240368386488807e-06, 4.180070132550235e-06, 3.947020370359125e-06, 5.311245636032872e-06, 9.739883367655652e-05, 2.830275639843896e-06, 4.08625050913742e-06, 7.24296259311009e-06, 4.930150342437544e-06, 4.356001758449131e-06, 5.514880062367152e-06, 4.700853111376195e-06, 3.1318666588443e-06, 2.7248912550798334e-06, 4.89893221680619e-06, 4.650066855308426e-06, 6.650043388287887e-06, 3.5454550764612245e-06, 3.768511347986145e-06, 4.31892544556221e-06, 3.7468040682555746e-06, 3.963339699828407e-06, 7.583306325513322e-06, 6.178659165818065e-06, 2.364043266915106e-06, 3.1594449355545235e-05, 6.360742741948238e-06, 5.074635602406564e-06, 1.1956226824115124e-05, 5.18445585020029e-06, 4.149256410968459e-06, 6.7546011117559566e-06, 8.81240615895368e-06], "l2-load-miss-rate": [0.11083743842364532, 0.04053109713487072, 0.07579908675799087, 0.02035830618892508, 0.01845018450184502, 0.08571428571428572, 0.11465451784358391, 0.017027863777089782, 0.12163009404388715, 0.18799212598425197, 0.1099434114793856, 0.11816782140107775, 0.18589464518937746, 0.14754816112084063, 0.17451349654739484, 0.07590759075907591, 0.14546304957904585, 0.1266774020397209, 0.12487757100881489, 0.02319160684704583, 0.15501839201261167, 0.07082443150223887, 0.020308692120227456, 0.09872773536895674, 0.24195912736052427, 0.18780889621087316, 0.09114315139031925, 0.10431654676258993, 0.10526315789473684, 0.15153538050734314, 0.20263049732840116, 0.14313346228239845, 0.16560170394036208, 0.1967161351436691, 0.17964071856287425, 0.21506442021803765, 0.0999505195447798, 0.07549295774647888, 0.08446544595392794, 0.20090378459800415, 0.11362064991933625, 0.08671439936356404, 0.0717440770981127, 0.1926006528835691, 0.19049271339347676, 0.1494109060577625, 0.18351409978308025, 0.11020663744520977, 0.23279524214103653, 0.17100078802206461], "l3-load-miss-rate": [0.0, 0.0, 0.0, 0.0, 0.0, 0.0, 0.0, 0.0, 0.0, 0.04020100502512563, 0.0, 0.0, 0.0, 0.0, 0.0, 0.0, 0.0, 0.0, 0.0, 0.16, 0.4634146341463415, 0.12057448229792919, 0.07339449541284404, 0.0, 0.0, 0.0, 0.0, 0.03404255319148936, 0.0, 0.0, 0.0, 0.0, 0.0, 0.0, 0.0, 0.0, 0.0, 0.0, 0.045454545454545456, 0.0, 0.0, 0.0, 0.005878030859662013, 0.0, 0.0, 0.2949907235621521, 0.05755395683453238, 0.0, 0.0, 0.0], "l3-stores": [379, 442, 25, 288, 428, 325, 25, 272, 242, 0, 409, 327, 457, 0, 318, 271, 363, 0, 387, 401, 0, 973, 434, 63, 330, 490, 608, 321, 270, 326, 378, 386, 151, 0, 385, 377, 281, 25, 456, 492, 331, 629, 679, 323, 482, 88, 305, 0, 345, 345], "l3-store-miss-rate": [0.0, 0.0, 0.0, 0.0, 0.0, 0.07692307692307693, 0.0, 0.0, 0.0, -1, 0.08557457212713937, 0.03363914373088685, 0.0, -1, 0.0, 0.30996309963099633, 0.0, -1, 0.0, 0.0, -1, 0.09455292908530319, 0.0, 0.0, 0.11212121212121212, 0.0, 0.0, 0.0, 0.0, 0.0, 0.06084656084656084, 0.0, 0.0, -1, 0.0, 0.09283819628647215, 0.0, 0.0, 0.05482456140350877, 0.0, 0.21450151057401812, 0.0, 0.0, 0.0, 0.0, 2.147727272727273, 0.0, -1, 0.0, 0.0], "instructions": [1732031709, 1872666637, 1866462811, 1868992350, 1871064354, 1896080923, 1864999760, 1871102462, 1875795082, 1860627694, 1891426018, 1875828667, 1869547765, 1864218253, 1869011363, 1889638498, 1870215994, 1863402119, 1889123957, 1871794742, 1924566286, 1858983838, 1865131690, 1869114662, 1881303536, 1888780117, 1874017736, 1867732383, 1869409642, 1871562344, 1888469341, 1870112409, 1864563436, 1865524884, 1867853870, 1740179557, 1872668802, 1862905340, 1870678050, 1873896719, 1888195092, 1876610271, 1883905145, 1869411796, 1869399556, 1875059966, 1872570734, 1869864497, 1867751624, 1860948799], "cpi": [0.41725987996909125, 0.4190286533096387, 0.4177812680779955, 0.41946649166327515, 0.4193610435272073, 0.417926595003245, 0.41915378262568787, 0.4197209131778696, 0.4191937981635032, 0.41753960854459904, 0.4186185663435238, 0.424279152462702, 0.4253678113434026, 0.42101650959427656, 0.4199034267722641, 0.4199545568318539, 0.4191817332944913, 0.4213491634437709, 0.4195082837541931, 0.4191832258069245, 0.4605079687029288, 0.4633087396427381, 0.4213776996089751, 0.42037911636691233, 0.4194143374001504, 0.41943365395983784, 0.4196309991593377, 0.4200722754186995, 0.41996153350320636, 0.41896120453254854, 0.3963833390080967, 0.4195267868520945, 0.4209324922104715, 0.4203736008701774, 0.4221291379715909, 0.43780337375840117, 0.4189702824984639, 0.42078053037305696, 0.4194579890430638, 0.4205273759273816, 0.41964633811260854, 0.41917914931842554, 0.4205362743993143, 0.41996950627993146, 0.42092865619574377, 0.43899425241101864, 0.4213952843930327, 0.419031890950973, 0.4207449566109974, 0.42328550598666953], "branch-references": [257246007, 254787424, 254103523, 254558292, 255005806, 257108768, 254755864, 255026387, 254933142, 254816398, 225585484, 254476792, 254402269, 254693456, 254891995, 224034139, 254326670, 254647343, 257262013, 254381634, 236605582, 260341596, 255107363, 254829351, 255978525, 257753202, 253899888, 254250534, 254743285, 254546277, 257237770, 254475394, 254521367, 255093423, 254141955, 255758427, 254429789, 254386381, 252642923, 254277394, 256869342, 255336268, 257445705, 254577773, 254572968, 265707251, 255301409, 254780221, 253294057, 255288696], "branch-non-conditional-references": [90951074, 90393656, 91284408, 90189829, 90561964, 91450954, 90920730, 90558590, 91863380, 90010142, 59781146, 90346281, 90137883, 90402867, 91391498, 71258648, 90098109, 91020119, 91371474, 90007469, 88813450, 93493885, 90457265, 90338554, 90746879, 91269457, 92306745, 90070180, 90328867, 90318640, 91301661, 90294399, 90260617, 90561064, 90063743, 89670608, 90104847, 89996839, 88207208, 90205961, 91240978, 93805204, 91373547, 90196287, 90228858, 95155802, 89959615, 90556596, 88494658, 90356137], "branch-conditional-references": [166294933, 164393768, 162819115, 164368463, 164443842, 165657814, 163835134, 164467797, 163069762, 164806256, 165804338, 164130511, 164264386, 164290589, 163500497, 152775491, 164228561, 163627224, 165890539, 164374165, 147792132, 166847711, 164650098, 164490797, 165231646, 166483745, 161593143, 164180354, 164414418, 164227637, 165936109, 164180995, 164260750, 164532359, 164078212, 166087819, 164324942, 164389542, 164435715, 164071433, 165628364, 161531064, 166072158, 164381486, 164344110, 170551449, 165341794, 164223625, 164799399, 164932559],