{
  "l3-store-miss-rate_c7": {
    "wss_4": [
      0.8008828432320012,
      0.8086001252672647,
      0.8115843373226692,
      0.8666148471065483,
      0.8164701552075447,
      0.8259509422516413,
      0.8294340848187376,
      0.8082575009455106,
      0.8131071951973045,
      0.811966804322095
    ],
    "wss_8": [
      0.6117156500576778,
      0.5967687427360735,
      0.6419046133453528,
      0.6332223915959261,
      0.6274489378135032,
      0.5973776235904663,
      0.6131275163551965,
      0.5774943073900463,
      0.5919122841391272,
      0.6079489228735331
    ]
  },
  "br-miss-rate_c1": {
    "lopside_0": [
      0.13243875288580598,
      0.13222591689635232,
      0.1340191542597582,
      0.13223325205062797,
      0.132992218527825,
      0.13221050812981308,
      0.13242105558080783,
      0.13574626705202664,
      0.1319599938666296,
      0.13208705306147928
    ],
    "lopside_1": [

      0.099365406081891,
      0.10129564565061168,
      0.10161463771118351,
      0.0968473918413054,
      0.0972780599077134,
      0.10327700485168,
      0.09942066187338813,
      0.102818884622624,
      0.1060401417288176,
      0.10048869413627462
    ],
    "lopside_2": [
      0.08341988671855769,
      0.08575281599671546,
      0.08275515901352973,
      0.081114493572872714,
      0.082775971937666596,
      0.08029103714511274,
      0.08010872219329648,
      0.08314179987055833,
      0.0800467260489215,
      0.08241988671855769
    ]
  },
  "cpi":{
    "lopside_0":[
      2.2149583885011033,
      2.2313114399166496,
      2.2842238875907306,
      2.3996554896828073,
      2.2331568173754346,
      2.208387296632139,
      2.233699059839426,
      2.2052581587347033,
      2.2362058511486484,
      2.091377954912009
    ],
    "lopside_1":[
      1.7336959839426,
      1.911181587347033,
      1.996556828073,
      1.63315173754346,
      2.008387296632139,
      1.54058511486484,
      1.997954912009,
      2.0249585011033,
      1.931314399166496,
      1.642238875907306
    ],
    "lopside_2":[
      1.2649583885011033,
      1.263699059839426,
      1.731568173754346,
      1.2308387296632139,
      1.31052581587347033,
      2.2962058511486484,
      1.321377954912009,
      1.2713114399166496,
      1.2542238875907306,
      1.4996554896828073

    ]
  }
}