{
  "baseline": {
    "measurements": [
      {
        "l1-loads": [
          177455130,
          185752032,
          202185572,
          206609559,
          194152598,
          201511246,
          180689312,
          182769102,
          195173938,
          185812980
        ],
        "l2-loads": [
          9970266,
          9925037,
          10641430,
          10023394,
          10011771,
          10036427,
          9337605,
          9961642,
          10011830,
          9613524
        ],
        "l1-load-miss-rate": [
          0.05477149632135177,
          0.05212676758227872,
          0.051691482713712135,
          0.04790665566446517,
          0.051645453644663566,
          0.04993128274339587,
          0.0519068831254391,
          0.05437694824369165,
          0.05161250576396117,
          0.05228058341241823
        ],
        "l2-load-miss-rate": [
          0.36213477152966633,
          0.39602663445990177,
          0.3455598542677065,
          0.3550826197194284,
          0.3611312124498253,
          0.351117982525056,
          0.37483980099822173,
          0.35831141090996843,
          0.3578993051220406,
          0.34771224371000686
        ],
        "l3-load-miss-rate": [
          0.02051823178482375,
          0.017687271837990293,
          0.01880169730794035,
          0.020621172747017497,
          0.01854514511523514,
          0.020397499250677045,
          0.01927390739226501,
          0.022005394767183085,
          0.01929129773104593,
          0.021531385214297226
        ],
        "l3-store-miss-rate": [
          0.33469937947541273,
          0.32393906345472945,
          0.3636802948870427,
          0.36706762568596435,
          0.41964432257531087,
          0.3564368682000206,
          0.35165703494873873,
          0.35856322169609367,
          0.3587935617012134,
          0.35472980632700496
        ],
        "instructions": [
          652587549,
          686972033,
          705098738,
          643515130,
          566792812,
          636730229,
          659249748,
          663952218,
          661620867,
          681800634
        ],
        "cpi": [
          1.0124048382663826,
          1.0082520113304234,
          1.0188684623627846,
          1.0329221800892234,
          1.1941048310259799,
          1.0448737922257496,
          1.0066930674048584,
          1.0010505168611394,
          0.995326979310645,
          0.9700654678475996
        ],
        "br-miss-rate": [
          0.004817425990953709,
          0.005033464174092196,
          0.005651859042532655,
          0.0052516736132445395,
          0.0049306434327907045,
          0.005146422943471753,
          0.0051966917616679915,
          0.004831419152242023,
          0.004847118786781951,
          0.005089383634947432
        ],
        "frontend-boundedness": [
          0.6282872642980908,
          0.634556344781551,
          0.619764502010334,
          0.6075183036826208,
          0.6324965760687937,
          0.6622810682896526,
          0.6258950506261156,
          0.578787265444828,
          0.5967627660507158,
          0.6337232156803948
        ],
        "timestamp": 1683470026,
        "env": "skylake"
      }
    ]
  }
}