{"baseline": {"measurements": [{"l1-loads": [194874721, 194699397, 194479495, 195933053, 199767759, 194359202, 195112634, 194458462, 194948796, 199782754, 194730031, 194784996, 194718277, 194735848, 196291004, 194374034, 194873848, 194663460, 194640804, 195269694, 194484773, 194233158, 194569633, 194685092, 194488252, 194211860, 194556219, 194540902, 199642148, 194871231, 194954835, 194955123, 195061329, 199943033, 194708612, 194817526, 194991002, 194720923, 199882689, 195043684, 187096407, 194064348, 194989236, 200009179, 194658710, 195071193, 194590638, 194414228, 194381936, 194577939], "l2-loads": [338, 466, 395, 396, 591, 457, 329, 439, 301, 544, 301, 402, 432, 384, 424, 329, 522, 329, 484, 283, 466, 393, 504, 466, 466, 997, 549, 402, 384, 412, 383, 255, 329, 308, 548, 448, 310, 319, 261, 347, 562, 458, 393, 488, 503, 328, 512, 476, 522, 503], "l3-loads": [128, 100, 0, 27, 75, 82, 146, 64, 18, 95, 36, 9, 73, 128, 194, 18, 27, 18, 91, 109, 155, 119, 183, 36, 128, 305, 45, 91, 84, 0, 137, 9, 0, 18, 146, 73, 91, 9, 37, 64, 175, 0, 18, 150, 45, 155, 128, 146, 220, 27], "l1-load-miss-rate": [1.7857626592830376e-06, 2.300982986608839e-06, 2.694371455458582e-06, 2.306910411894618e-06, 3.053545792642145e-06, 2.9172789050656836e-06, 1.265935449367159e-06, 2.1649867826271298e-06, 1.6414566622919795e-06, 2.222414052816591e-06, 1.787089532173905e-06, 2.161357438434324e-06, 1.9361305256414115e-06, 1.5970351796758037e-06, 1.834011710490818e-06, 2.8244513359227806e-06, 2.771023436659392e-06, 1.833934319260533e-06, 2.353052343536353e-06, 1.5004888572212338e-06, 2.3497983567073397e-06, 2.399178414223178e-06, 2.82675149004367e-06, 2.7274815680288455e-06, 3.20842001294762e-06, 3.568268178884647e-06, 3.155900146270832e-06, 1.8813524366202434e-06, 2.0236207837234852e-06, 2.1604009880760698e-06, 1.359289191263197e-06, 1.3592871832354976e-06, 1.7327883580655805e-06, 1.780507150754285e-06, 2.727152099466458e-06, 2.063469382112983e-06, 1.594945391377598e-06, 1.7358175731326005e-06, 1.4058245934444078e-06, 1.3586699890266634e-06, 4.3346636795649424e-06, 2.3600419382544188e-06, 2.1129371469510244e-06, 2.1599008713495092e-06, 2.537774960082701e-06, 1.3123413870750255e-06, 2.3074080264848097e-06, 3.297083791624551e-06, 2.6391341220101853e-06, 3.011646659491033e-06], "l2-load-miss-rate": [0.2958579881656805, 0.2553648068669528, 0.0, 0.18434343434343434, 0.15736040609137056, 0.1400437636761488, 0.3890577507598784, 0.1662870159453303, 0.029900332225913623, 0.13786764705882354, 0.11960132890365449, 0.022388059701492536, 0.14814814814814814, 0.3802083333333333, 0.4339622641509434, 0.0547112462006079, 0.12260536398467432, 0.02735562310030395, 0.09297520661157024, 0.0636042402826855, 0.27467811158798283, 0.37150127226463103, 0.10912698412698413, 0.2145922746781116, 0.1759656652360515, 0.37011033099297896, 0.06557377049180328, 0.24875621890547264, 0.2916666666666667, 0.0, 0.3577023498694517, 0.03529411764705882, 0.0, 0.05844155844155844, 0.29927007299270075, 0.060267857142857144, 0.08709677419354839, 0.02821316614420063, 0.24904214559386972, 0.23631123919308358, 0.37722419928825623, 0.0, 0.04580152671755725, 0.3073770491803279, 0.08946322067594434, 0.10975609756097561, 0.267578125, 0.1722689075630252, 0.2796934865900383, 0.0536779324055666], "l3-load-miss-rate": [0.0, 0.0, -1, 0.0, 0.0, 0.0, 0.06164383561643835, 0.0, 0.0, 0.0, 1.0, 0.0, 0.0, 0.0, 0.0, 0.0, 0.0, 0.0, 0.0, 0.0, 0.0, 0.0, 0.04918032786885246, 0.0, 0.0, 0.0, 0.0, 0.0, 0.0, -1, 0.0, 0.0, -1, 0.0, 0.0, 0.0, 0.0, 0.0, 0.0, 0.0, 0.0, -1, 0.0, 0.0, 0.0, 0.0, 0.0, 0.06164383561643835, 0.04090909090909091, 0.0], "l3-stores": [0, 0, 0, 18, 0, 0, 9, 0, 18, 18, 0, 0, 18, 0, 0, 0, 27, 45, 45, 0, 0, 0, 0, 0, 18, 36, 0, 0, 0, 0, 0, 0, 0, 37, 18, 18, 18, 0, 18, 0, 0, 0, 18, 18, 27, 18, 0, 18, 0, 18], "l3-store-miss-rate": [-1, -1, -1, 0.0, -1, -1, 0.0, -1, 0.0, 0.0, -1, -1, 0.0, -1, -1, -1, 0.0, 0.0, 0.0, -1, -1, -1, -1, -1, 0.0, 0.5, -1, -1, -1, -1, -1, -1, -1, 0.0, 0.0, 0.0, 0.0, -1, 0.0, -1, -1, -1, 0.0, 0.0, 0.0, 0.0, -1, 1.0, -1, 0.0], "instructions": [530145616, 529097174, 529903428, 534147655, 543538847, 529206751, 529154110, 529343536, 528920084, 543808444, 529493750, 528774190, 530076125, 529676422, 534395147, 530546486, 530033542, 529653424, 528825429, 529226504, 529735567, 529150289, 529240857, 529672740, 529746453, 507776700, 529248359, 529538179, 543851121, 529440501, 529016145, 530332043, 528838183, 543088722, 529075472, 528802979, 528653913, 529588281, 543446172, 529208108, 533666556, 529845922, 530087599, 544177776, 528607851, 528688798, 529060206, 530193011, 527173230, 529844510], "cpi": [0.53678022681225, 0.5371803592358632, 0.5372890095740237, 0.5365323245685689, 0.5368876440215137, 0.5370826646918568, 0.5371857245897608, 0.5368760486762608, 0.5367238068426231, 0.536546324756958, 0.5376704635323836, 0.5377419839648376, 0.5384468730788432, 0.5369711585916127, 0.536808447102159, 0.5356480562949201, 0.5367432557692735, 0.5369470867425187, 0.5377058352464363, 0.537054260986143, 0.5361582847994799, 0.5368724328524368, 0.5372272874238808, 0.5367430519456221, 0.5367629842346485, 0.5648548998014284, 0.5370242102158318, 0.5370339538822941, 0.537131730946639, 0.5371743405780738, 0.5368295593322582, 0.5355553841199824, 0.5370381718447134, 0.536296008739434, 0.53716231244982, 0.5370498603034534, 0.5371772685620886, 0.5357156402031487, 0.5357829937939097, 0.5370180288318637, 0.5364812592828095, 0.5369163490513758, 0.5371473743908505, 0.5367921236092523, 0.5377469336905478, 0.5370530056133325, 0.5375094247780186, 0.5363285899670224, 0.5397869785611079, 0.536745642603714], "branch-references": [62753608, 62623819, 62755980, 63220723, 64351160, 62604991, 62647272, 62610345, 62561179, 64296769, 62784508, 62711733, 62627949, 62708083, 63160474, 62607771, 62732704, 62657752, 62750888, 62618375, 62785662, 62820622, 62704085, 62716435, 62716834, 63220055, 62636120, 62683409, 64392632, 62716720, 62615285, 62604344, 62637850, 64248038, 62692777, 62708060, 62688655, 62715097, 64357359, 62687698, 63052499, 62573636, 62761253, 64395864, 62636379, 62726853, 62773433, 62664467, 62761639, 62633925], "branch-non-conditional-references": [26220225, 26150149, 26207008, 26397087, 26874032, 26109580, 26140574, 26151449, 26081953, 26811710, 26221797, 26167534, 26131468, 26257548, 26438011, 26141326, 26332966, 26152447, 26209151, 26134589, 26210397, 26230736, 26143622, 26209703, 26177027, 26403876, 26151956, 26192353, 26869496, 26210882, 26129406, 26143800, 26177298, 26829427, 26180873, 26177885, 26185262, 26191108, 26868780, 26268589, 26329763, 26084227, 26206739, 26885021, 26139903, 26192205, 26210953, 26170443, 26189738, 26127289], "branch-conditional-references": [36533383, 36473670, 36548972, 36823636, 37477128, 36495411, 36506698, 36458896, 36479226, 37485059, 36562711, 36544199, 36496481, 36450535, 36722463, 36466445, 36399738, 36505305, 36541737, 36483786, 36575265, 36589886, 36560463, 36506732, 36539807, 36816179, 36484164, 36491056, 37523136, 36505838, 36485879, 36460544, 36460552, 37418611, 36511904, 36530175, 36503393, 36523989, 37488579, 36419109, 36722736, 36489409, 36554514, 37510843, 36496476, 36534648, 36562480, 36494024, 36571901, 36506636],